WBIC,LakeName,US_L3NAME,ECO_LANDSC,HUC12_CODE,mean,ll,ul,slope_group,lat,long,SHAPE_AREA,SHAPE_LEN,Area,MaxDepth,MeanDepth,R_AREA,R_PERM,R_SLOPE,R_DARCY,R_LU06_11,R_LU06_21,R_LU06_22,R_LU06_41,R_LU06_42,R_LU06_43,R_LU06_82,R_LU06_90,R_LU06_95,cond,mg_average,ca_average,cation_ratio,lake_MEAN,watershed_MIN,elevation_difference,mean_ann_wdrl_gals,slope2,slope3,slope4,slope5,slopenearest
1858200,Kirby Lake,North Central Hardwood Forests,Forest Transition,070500070201,-3.2307476085195526,-3.5346501159794,-2.92543088438202,FALSE,45.59828546,-92.0726817,395217.521307,5751.31459149999,98,19,8,0.2789,311,3.872,-69.7,22.3400002,4.9499998,0,49.7299995,8,1.79,0,0.9,8.79,17,NA,NA,NA,400.010704435,399.880310059,38.984046542000044,286700,0.0053059530013556,0.00671230323857131,0.00524014256535483,0.00671230323857131,0.0053059530013556
2496300,Shell Lake,North Central Hardwood Forests,Forest Transition,070300010403,-2.381774418958929,-2.48471345464018,-2.281611725007373,FALSE,45.7460593799999,-91.9168422999999,10171220.3469999,18976.005973800002,2513,36,23,1.0413,610.5,3.628,-217.599999999999,62.6699982,3.95,13.6700001,5.75,0.08,3.25,0.51,6.1599998,0,45.38461538,NA,NA,NA,369.470349742,369.253631592,39.37752013099998,56170394.2857143,-0.00662024868305859,-3.48127894612705e-9,0.00986397545639591,-3.48127894612705e-9,-0.00662024868305859
2599400,Ward Lake,North Central Hardwood Forests,Forest Transition,070300010901,-2.1820416674007053,-2.8996489215490806,-1.4660113418545315,FALSE,45.5996752699999,-92.3196372,332635.257801,3314.22527309999,82,43,16,0.1968,311,5.375,12.1,35.7200012,10.5699997,0,22.8199997,3.25,7.52,0,2.79,0,52.43,NA,NA,NA,360.112781055,359.990966797,42.54121064399999,0,0.00451994017551318,0.0121381714678952,0.00584414812473782,0.0121381714678952,0.00451994017551318
994900,Lake Huron,North Central Hardwood Forests,Central Sand Hills,070700030501,-2.1499507644620635,-2.2933929650150024,-2.00850445310278,FALSE,44.1956388899999,-89.4174722,167111.382835,1594.33590002,41,46,24,0.1026,1033,10.0170002,-203.599999999999,31.8700008,7.02,0,44.9300003,4.6799998,0,0,0,0,300.3636364,NA,NA,NA,330.724833122,330.692077637,27.158162483000012,0,0.00200227262104012,0.00374031321159747,0.00257830526800694,0.00374031321159747,0.00200227262104012
117e3,Twin Lakes,North Central Hardwood Forests,Central Sand Hills,040302010302,-2.1448176058794814,-3.2839383851123043,-1.0390075218364305,TRUE,43.9105302999999,-89.5898459,51889.6186031,921.763438722,13,30,NA,0.0633,1049,7.6789999,12.3,30.8099995,2.53,0,39.6500015,0,12.0100002,0,15.0100002,0,311,19.1,33.7,1.0700057662427376,285.605115181,285.567321777,72.34483599100002,0,0.00429137379839384,0.00135843228900808,0.00325362233442058,0.00135843228900808,0.00429137379839384
2015500,"MAX LAKE NEAR WOODRUFF, WI",Northern Lakes and Forests,Northern Highland,070500020106,-2.1322603856457145,-2.30350723371742,-1.9597844044324275,FALSE,46.0243948999999,-89.7098732,86489.4799326,1196.53865404,24,0,NA,0.0788,767.7000122,2.2520001,145.2,15.6099997,0,0,13.8299999,0,29.3199997,0,41.2400017,0,116,0.38,0.86,1.3724749895598318,493.840042869,493.752655029,18.808333595999954,31934423.4285714,0.0071674310145973,0.00982643539989184,0.00102180875964629,0.00982643539989184,0.00982643539989184
2767300,Loon Lake - Staff Gage,Northern Lakes and Forests,North Central Forest,040103020305,-2.121773831138939,-3.2902174647912705,-0.9879117726407302,TRUE,46.350147,-90.6462999999999,131247.80751,2276.5677359,32,23,9,0.1156,182,3.4979999,630.7,23.4400005,16.3500004,0,34.3400002,5.8000002,12.8900003,0,7.1799998,0,68.5,NA,NA,NA,372.923647115,372.796783447,55.652372172000014,61154963.875,0.00740222199442194,0.00776904339373989,5.6935593133854e-4,0.00776904339373989,0.0353041940956398
994700,Lake Clara,Northern Lakes and Forests,Northern Highland,070700011304,-2.0913215812842236,-2.2229891762297096,-1.9597461303177226,FALSE,45.51662728,-89.5751328,338189.805859,3687.77418309999,84,37,NA,0.2166,1032,4.2220001,129,15.5100002,11.2700005,1.15,15.3699999,20.0400009,17.4099998,0,16.8999996,2.3599999,35,0.602592593,1.897428571,1.9095508648245694,462.096819025,462.007080078,20.068647284000008,0,0.00301939341915099,0.00397868502337922,0.00513906638291706,0.00397868502337922,0.0128047333473376
778300,Middle Genesee Lake,Southeastern Wisconsin Till Plains,Southeast Glacial Plains,070900020303,-2.0794371342957128,-2.2407016634363535,-1.9150507036924074,FALSE,43.0474999999999,-88.4797221999999,396703.284701999,2512.37326762,98,40,8,0.1488,909,0.611,-93.1,23.3899994,0.2,0.27,15.9899998,0,6.8600001,0.6,37.5,4.6399999,411.4166667,NA,NA,NA,264.213679356,264.162841797,5.470951991999982,0,0.00121125405809094,8.55938797011557e-4,0.00117832257857832,8.55938797011557e-4,8.55938797011557e-4
2734700,Lake Knotting,Northern Lakes and Forests,North Central Forest,040103020604,-2.0482210931700924,-2.5563919775317463,-1.5458788785370454,FALSE,46.27397611,-91.1155403399999,307421.679265999,2756.44234821,76,15,NA,0.1631,431,2.572,-242.9,18.6399994,5.0300002,0,31.1499996,3.5599999,23.1100006,0,12.0799999,0,24,0.25,1.067,2.5882963221717645,432.211540736,432.165039063,13.75369974299997,0,0.00220142312948806,0.0124090742391035,0.00136668797561339,0.0124090742391035,0.00220142312948806
1862100,Little Rock Lake,Northern Lakes and Forests,Northern Highland,070500020105,-1.950910429458593,-2.045046369010445,-1.8565843520530865,FALSE,45.9960618699999,-89.6993166,156979.044453999,3189.43912041,39,16,NA,0.1872,1032,7.6040001,-156.099999999999,16.4500008,6.46,0,33.2799988,0,36.8600006,0,6.9400001,0,16.71428571,0.272100841,0.946777311,2.110121886809416,495.388265864,494.596313477,26.604959234000034,0,0.0013805220017637,0.00141946205859444,6.55645059434384e-4,0.00141946205859444,0.0013805220017637
991e3,Honeysuckle Lake,Northern Lakes and Forests,Northern Highland,070700010307,-1.910517634243585,-2.1258383714609344,-1.6952722347745073,FALSE,45.9618971,-89.3620815999999,147633.300049999,1723.49840470999,36,13,NA,0.1084,1032,1.602,61.3,18.7299995,0,0,14.3000002,0,15.96,0,51.0200005,0,15,0.32,0.7,1.3265928314786166,501.733988389,501.676971436,10.511556044999963,0,0.00228087638272818,2.84892713638569e-4,0.00105929820120253,2.84892713638569e-4,0.00228087638272818
1881100,Silver Lake,North Central Hardwood Forests,Forest Transition,070500070201,-1.9059132804590984,-2.3138835254395795,-1.4943725034981925,FALSE,45.58379766,-91.9212148799999,1338326.62461,9065.03661388,331,91,38,0.4584,311,5.1370001,-107.8,24.1100006,5.96,1.05,32.1300011,15.21,9.3400002,0,2.8800001,2.6600001,29.6275,NA,NA,NA,380.452658875,380.384124756,25.548531310999977,286700,1.12335271903374e-8,5.31298137289255e-7,0.00891711234825802,5.31298137289255e-7,5.31298137289255e-7
104700,Sharon Lake,North Central Hardwood Forests,Central Sand Hills,040302010701,-1.8984418087520525,-2.046319284890159,-1.7519534166666872,FALSE,43.9772629499999,-89.3834519699999,191654.29869,2305.96571275,47,30,10,0.1359,1049,1.8789999,-10.1,46.5099983,6.4000001,0,1.03,0,0,18.5400009,21.8500004,5.6700001,154.0666667,NA,NA,NA,257.238853263,251.953445435,9.016609383000002,0,0.00285054007311445,0.00274918413001963,0.00185829657183704,0.00274918413001963,0.00285054007311445
589400,Morgan Lake,Northern Lakes and Forests,North Central Forest,040301080104,-1.8950245973376096,-1.9995297339690452,-1.7892655290000985,FALSE,45.7724593,-88.5462323999999,176968.971299,1736.96300496,44,12,NA,0.1103,671,5.2030001,-71.2999999999999,16.3199997,6.3499999,0,26.75,0,5.4400001,0,45.1500015,0,13.9,0.533,1.257,1.43020289609745,446.548952008,446.452545166,11.995420550999995,0,0.00707045898923283,0.0045447664070955,0.0148149796297274,0.0045447664070955,0.0148149796297274
967900,Alma Lake,Northern Lakes and Forests,Northern Highland,070700010403,-1.853310563170711,-1.992318057952969,-1.7132504864014229,FALSE,45.9071749,-89.4298607,233618.835507,2661.04022974,58,19,11,0.1577,1032,8.9119997,-262.899999999999,16.8700008,2.0899999,0,16.4899998,0,35.3199997,0,29.2299995,0,21.66666667,0.726,1.8005,1.5039939507767017,491.089663683,490.980957031,18.159542859999988,1102451.66666667,0.004081498713881,0.00133293227562224,1.2696390653629e-4,0.00133293227562224,0.00452129534167937
2469400,Hoinville Lake,Northern Lakes and Forests,Northwest Sands,070300020403,-1.834374577899106,-2.464650671898175,-1.2090949947610992,TRUE,46.02382175,-91.99977699,241155.659989999,2631.85731457,60,23,10,0.157,1032,7.8709998,-570.2,21.3999996,6.0500002,0,43.25,0,19.2999992,0,6.3099999,3.6900001,103,NA,NA,NA,290.241067551,289.646362305,28.58998713699998,1715388.82142857,0.00145801718840544,0.00135010773338652,0.00107394125888589,0.00135010773338652,0.00428272990695052
1855100,Howe Lake,Northern Lakes and Forests,North Central Forest,070500050103,-1.7625670928207335,-2.2787071618748866,-1.242862732127785,TRUE,45.08524027,-91.3132082,269949.656825,2511.96350308999,67,39,18,0.1529,152.1999969,3.1700001,-175.7,20.3400002,3.3399999,0,40.1599998,0,5.4299998,0,30.7399998,0,35.75,NA,NA,NA,311.217754785,311.185974121,22.670581396999978,0,0.00173577906602253,8.03182569455904e-4,0.00207172705929578,8.03182569455904e-4,0.00173577906602253
1883700,Statehouse Lake,Northern Lakes and Forests,Northern Highland,070500020108,-1.7422012471735093,-2.1489921835261083,-1.3335558734971962,TRUE,46.14,-89.89,84219.8123086999,1376.94479572,21,18,NA,0.0896,1032,1.656,6.9,15.3999996,0.22,0,11.3800001,9.6000004,5.4699998,0,48.7700005,3.6800001,56.5,NA,NA,NA,488.434989232,488.25982666,7.732308130999968,652184.107142857,2.36270265203513e-4,0.00118638593674728,0.00279092860678989,0.00118638593674728,0.00279092860678989
2340100,Spruce Lake,Northern Lakes and Forests,Northern Highland,070500020101,-1.7350558305380006,-2.758868211752622,-0.7246335039793624,TRUE,46.0532838999999,-89.5662573,66681.2839686999,955.054130925999,16,16,NA,0.061,671,1.846,379.4,13.9300003,6.0700002,0,12.9499998,0,7.71,0,30.1599998,29.1800003,16,0.23,0.73,1.9247955616981662,506.620468989,506.585876465,30.730483159000016,21800,-5.26223944597951e-4,9.05626918498161e-4,9.77282306198301e-4,9.05626918498161e-4,-5.26223944597951e-4
106600,Patrick Lake,North Central Hardwood Forests,Central Sand Hills,040302010302,-1.733939364211626,-2.1313529248787755,-1.3362912210907159,TRUE,43.8869188899999,-89.6556798999999,157122.515882,2845.24964267,39,21,10,0.1596,1049.3000488,8.2620001,-317.1,29.0100002,0.75,0,43.2299995,0,2.51,2.6900001,7.8299999,11.7200003,9.228148936,NA,NA,NA,296.574398837,287.323394775,48.10052792100004,0,0.00194495099798942,-1.60877057341925e-4,0.00227385107746325,-1.60877057341925e-4,0.00194495099798942
1877900,Rosalind Lake,Northern Lakes and Forests,Northern Highland,070500020107,-1.7321489050099468,-2.2228580115581016,-1.245424572858544,TRUE,46.18,-89.78,173028.125888999,2170.79629526,43,50,NA,0.1277,182,5.0380001,-213.9,19.5799999,18.1700001,0,40.0900002,0,13.6999998,0,8.46,0,34,NA,NA,NA,498.680057849,498.145935059,10.980159436000008,12e3,0.0019850557376028,0.00360124018051035,0.00229862156634918,0.00360124018051035,0.00360124018051035
1176400,Vandercook Lake,Northern Lakes and Forests,Northern Highland,070700010803,-1.7198996598847394,-1.7987607168740014,-1.641422454729809,FALSE,45.9857842999999,-89.6823713,393803.756809999,3257.03333135999,97,33,NA,0.1793,671,6.8600001,-304.5,21.6399994,8.6999998,0,31.1200008,0,19.1299992,0,19.4099998,0,17.5,0.325460785,1.27427451,2.374400158736774,496.552716334,496.180358887,29.78132907600002,0,0.00204001704251505,0.00101885927334047,0.00160965938902622,0.00101885927334047,0.00204001704251505
2771200,Phantom Lake - Staff Gage,Northern Lakes and Forests,Northwest Sands,040103020602,-1.6657624031346319,-2.6214057024571886,-0.7196773165881609,TRUE,46.4938849999999,-91.2962799999999,184120.191314,1759.28574972,45,35,NA,0.1115,1032,6.2839999,-314.699999999999,15.8699999,0,0,71.5699997,0,11.0299997,0,0,0,20,0.49,1.46,1.8069509354717481,324.92974645,324.431518555,56.834871469999996,39045337.5,0.0124362298100108,0.00718395260463126,0.00255213915000696,0.00718395260463126,0.0124362298100108
2767100,Long Lake,Northern Lakes and Forests,Northwest Sands,040103010801,-1.664980541625418,-1.8664280099719008,-1.4606385357532883,FALSE,46.5816080999999,-91.3385231999999,1131587.71622,10725.1980417,280,28,12,0.5524,1032,8.4350004,-513.5,14.8400002,10.8100004,5.3400002,48.9300003,4.0700002,11.1700001,0,2.3900001,0,81,NA,NA,NA,333.833962302,328.043151855,42.97405161400002,0,0.00756283471926974,0.00890397201195186,0.00787846036252785,0.00890397201195186,0.00756283471926974
779800,Silver Lake,Southeastern Wisconsin Till Plains,Southeast Glacial Plains,070900010504,-1.6493857684831914,-2.055509885449213,-1.2463076703158613,TRUE,43.07667407,-88.4925989999999,878458.376192,4850.32531174999,217,44,NA,0.2689,909,2.1900001,-133.699999999999,15.3599997,2.9000001,19.4099998,8.1099997,0,1.71,5.0599999,30.0499992,11.1599998,436.5,33.4,36.7,0.6663604026041435,263.00250878,262.811981201,20.976830819999975,0,7.65771553498206e-4,0.00137903726547147,0.00177422620466279,0.00137903726547147,7.65771553498206e-4
779300,Pretty Lake,Southeastern Wisconsin Till Plains,Southeast Glacial Plains,070900020305,-1.6303470214133924,-2.784600753378252,-0.5024507759839029,TRUE,42.95497772,-88.49890784,262399.662568999,2130.73537595,65,35,NA,0.1327,909,2.299,-20.4,10.1000004,5.0500002,19.5900002,7.3800001,0,0,0,46.6500015,11.2299995,392,NA,NA,NA,262.798556482,262.267822266,6.367153967000036,183815322.857143,0.0011572656689786,4.91991721863261e-4,0.00106646098447033,4.91991721863261e-4,0.0011572656689786
2450500,Bass Lake,North Central Hardwood Forests,Western Prairie,070300051008,-1.6052005223376267,-1.8746669062951031,-1.3341787879993834,TRUE,45.0671228799999,-92.64892184,1497271.53037999,10521.3956789999,370,37,NA,0.5772,824,3.8280001,-542.1,18.5200005,6.9099998,3.1700001,46.2200012,16.4799995,0,0,0,2.8900001,268.9736842,NA,NA,NA,274.708421184,272.595031738,55.942152546000045,343631742.479762,4.03867771966764e-4,1.51797675322541e-4,-0.00207602823935832,1.51797675322541e-4,-5.82010610854458e-4
421600,Grindle Lake - Staff Gage,Northern Lakes and Forests,Northeast Sands,040301040205,-1.558642674653465,-2.574354501128884,-0.5462614121159536,TRUE,45.2331599999999,-88.370834,160368.823538,1531.07807051,40,23,NA,0.0992,1256,2.6489999,-12.6,14.1099997,3.4300001,0,6.4499998,0,4.54,0,71.4700012,0,37,NA,NA,NA,288.310571868,288.224700928,22.60794619799998,3950318.75,-9.44944200609282e-6,0.00339765663689681,-7.11006815917589e-4,0.00339765663689681,0.00339765663689681
1842400,Crystal Lake,Northern Lakes and Forests,Northern Highland,070500020105,-1.5476363746430526,-1.7616431667710155,-1.3307426003498732,TRUE,45.999642,-89.610408,374912.896653999,2262.32373509999,93,67,34,0.1423,984.2999878,1.143,38.8,8.4300003,27.3400002,0,0.14,4.3600001,10.0500002,0,40.1300011,9.5600004,16.63157895,0.256,0.974,2.307323960464594,502.061755952,500.777404785,60.59992617700004,0,0.00167972862003903,0.00167012480388215,3.65404208227052e-4,0.00167012480388215,0.00167972862003903
2757900,Carlin Lake,Northern Lakes and Forests,Northern Highland,040201010303,-1.516011746293766,-1.8184381512112542,-1.211708506849426,TRUE,46.2,-89.7699999999999,626559.616716,4454.82420094,155,36,NA,0.2619,289.2000122,6.6719999,-125.4,26.9200001,4.4299998,0,32.5299988,0,19.7399998,0,11.04,0,19,0.33,1.26,2.3155074876717667,499.272306059,499.205810547,31.915010835999965,0,0.00619079646393716,0.00193850550942448,0.00236207909545898,0.00193850550942448,0.00619079646393716
1881900,Sparkling Lake,Northern Lakes and Forests,Northern Highland,070500020105,-1.5031011932845693,-1.7193125639124462,-1.2843705631813322,TRUE,46.006239,-89.6958759999999,636025.185183,3777.45383423,157,64,NA,0.222,1032,4.9169998,-121.6,17.6100006,15.1800003,0.68,26.4899998,0,25.2299995,0,14.8199997,0,92,2.85,10.87,2.312992734343468,494.727027767,494.607391357,18.18465436200006,0,0.00221936758177964,0.0021754274057171,8.550960043383e-4,0.0021754274057171,0.00221936758177964
184200,Crystal Lake,Northern Lakes and Forests,North Central Forest,040302020201,-1.496291532052725,-2.4738947116686676,-0.5074976590337534,TRUE,45.3791274599999,-88.9253800399999,305052.634221,2810.53742154,75,36,23,0.1651,671,4.5450001,-54.8,15.2600002,18.7199993,0,27.7999992,0,1.27,0,36.9500008,0,20,NA,NA,NA,468.239932468,458.91595459,33.72570473899998,0,2.69750046212629e-4,2.25521980230276e-4,0.0016334799519137,2.25521980230276e-4,2.69750046212629e-4
45100,Cedar Lake,Southeastern Wisconsin Till Plains,Southeast Glacial Plains,040301011105,-1.4848448534403802,-1.5660246578962917,-1.4044713977372953,TRUE,43.9249045899999,-87.9384592699999,552416.986512999,5429.23972081,137,21,9,0.2793,186,7.243,-112.7,29.9699993,4.1900001,11.9200001,11.0299997,0,0,9.0600004,27.8199997,0,295.3684211,NA,NA,NA,271.310608529,268.913238525,45.70828185200003,86938598.547619,0.00371078877099704,0.00276391510176021,0.00331413022877451,0.00276391510176021,0.00371078877099704
968800,Anvil Lake,Northern Lakes and Forests,North Central Forest,070700010102,-1.4759094935115005,-1.5672048089871422,-1.3852586701326515,TRUE,45.9501388899999,-89.0542499999999,1525555.63629,7291.41938939,377,32,19,0.4148,559.5999756,4.7519999,-52.3999999999999,14.6300001,5.5,0,28.7399998,0,10.6300001,0,29.8899994,2.3900001,40.6,1.42,2.78,1.1872605461603392,516.611738365,514.648071289,47.84449942800006,0,2.6548581254877e-4,0.00215349423389047,0.00198242861829515,0.00215349423389047,2.6548581254877e-4
2043700,Upper Twin Lake,Northern Lakes and Forests,North Central Forest,070500050103,-1.441340699735763,-2.1151400666714353,-0.7714350853127416,TRUE,45.0921847999999,-91.3087636,148405.659302999,2136.55489163999,37,27,NA,0.1295,148,1.3,-110.2,15.9799995,0.39,0,11.8900003,0,0.39,0,71.3499985,0,79,NA,NA,NA,311.222269304,311.048065186,21.52599119399997,0,0.00622133426854545,0.00145528853436119,0.00248824610510313,0.00145528853436119,0.00622133426854545
439800,Wheeler Lake,Northern Lakes and Forests,Forest Transition,040301040204,-1.4215378725363599,-1.5354828358535983,-1.3063951427980256,TRUE,45.31857896,-88.4828844999999,1138697.77432,7333.86737381999,281,35,15,0.3856,671,6.3410001,-619,34.0499992,9.4099998,0,7.2399998,0,0.39,0,47.3300018,1.58,176,NA,NA,NA,363.61084795,362.007873535,28.29003095600001,0,1.85919442703465e-4,-0.00249868952870694,0.00418180229266894,-0.00249868952870694,1.85919442703465e-4
969600,Bass Lake,Northern Lakes and Forests,North Central Forest,070700020301,-1.388085772677877,-2.2605112444466737,-0.516008216473858,TRUE,45.4235706999999,-89.4901265999999,428001.324544999,5606.66178598999,106,43,NA,0.2776,484,6.98,-26,12.5699997,22.0799999,0,29.8600006,4.04,2.95,0,26.1200008,0,23,0.375,1.65,2.6683467238884173,530.195461353,529.859375,44.66281501399999,0,0.00428254647708755,0.0126085789998736,0.00815820368767091,0.0126085789998736,0.00428254647708755
2901100,Bass Lake,Northern Lakes and Forests,Northwest Sands,040103020603,-1.3570721121049325,-2.307305690906852,-0.3983457182036669,TRUE,46.44147762,-91.26341229,325804.349550999,2374.21152575,81,43,15,0.1477,1032,2.26,-149.5,16.6599998,0,1.49,35.75,14.0200005,19.8400002,0,12.2600002,0,21,NA,NA,NA,317.615488198,317.571533203,36.17262825700004,0,0.00422351540361988,0.00539337837166555,0.00298248547143539,0.00539337837166555,0.00539337837166555
2694e3,Whitefish Lake,Northern Lakes and Forests,Northwest Sands,070300020309,-1.354476356166084,-1.7907694751551249,-0.9175288263003364,TRUE,46.2032753599999,-91.8757425999999,3433434.59198,11850.8031238999,848,102,30,0.6657,1032,6.3850002,-1130.1,36.7000008,2.97,0.21,18.0400009,20.3999996,20.0400009,0,1.25,0,44.36363636,NA,NA,NA,314.183467048,313.896240234,24.483464104000007,0,3.21492814193886e-4,1.94597479884489e-4,0.0012122901075461,1.94597479884489e-4,1.94597479884489e-4
586800,Imogene Lake,Northern Lakes and Forests,North Central Forest,040301060301,-1.3509305307339738,-1.7351356963318976,-0.9621485952237703,TRUE,45.99,-89.03,244916.137105,2192.21179550999,61,41,NA,0.1372,146,4.908,317.699999999999,13.0500002,7.0700002,0,38.2700005,0,16.25,0.15,25.2199993,0,17,NA,NA,NA,543.520123336,543.476745605,22.03273310899999,0,0.0117559657672007,0.0136998471727681,0.0138171286514913,0.0136998471727681,0.0117559657672007
2478200,Long Lake,North Central Hardwood Forests,Forest Transition,070300050801,-1.326054893470313,-2.358959237534517,-0.2827041990060955,TRUE,45.45378195,-92.51327894,1106174.72064,7156.82674843,273,17,11,0.411,664.5,8.184,-393.1,11.0699997,11.7299995,0.17,42.7000008,3.75,3.4300001,4.3800001,7.23,0.24,187.2,NA,NA,NA,347.878653747,347.467590332,33.33149029600003,0,6.18246749377291e-4,0.00363167636745345,7.06223444683809e-4,0.00363167636745345,6.18246749377291e-4
1005800,Moon Lake,Northern Lakes and Forests,Northern Highland,070700010403,-1.3147899043395632,-2.2494484698917296,-0.3813070372782301,TRUE,45.9177303499999,-89.4348609999999,528246.582508999,3189.95946177999,131,40,17,0.1924,1032,5.7129998,-69.9,19.5900002,1.3,0,6.9099998,0,27.75,0,42.7200012,1.72,87,0.799,1.9895,1.5100340787279571,491.083328152,491.009307861,18.180465792999996,1102451.66666667,0.00172472060580301,9.85084228793768e-4,-1.38498714336153e-4,9.85084228793768e-4,0.00180787183062906
189800,Lake Emily,North Central Hardwood Forests,Central Sand Hills,040302021802,-1.3075310521182082,-1.753035173237704,-0.865989666727401,TRUE,44.46775129,-89.3278918999999,435178.576025,4660.57335031,108,36,16,0.2708,1033,7.5250001,-367.699999999999,19.3500004,4.9099998,0.85,30.3199997,4.7600002,0.04,28.3600006,3.6900001,7.7199998,265.2857143,NA,NA,NA,331.645256025,330.301971436,22.798561113999995,0,0.00497323451886296,0.00504872554611698,0.00429565703347263,0.00504872554611698,0.00504872554611698
8900,Forest Lake,Southeastern Wisconsin Till Plains,Southeast Glacial Plains,040400030206,-1.2854557121521695,-2.239820129829614,-0.34715913577299173,TRUE,43.6088845,-88.1673186,204752.758043999,2169.72412455999,51,32,11,0.1344,856.9000244,6.1929998,1509.5,21.7999992,14.8100004,0,38.6199989,0,0,0,23.7299995,1.04,233.1111111,14.6875,25.7125,1.061661356100285,305.167275107,304.918243408,22.180716835999988,1995524.9,0.00562738337133116,0.00100556430148427,0.00587860661400043,0.00100556430148427,0.00562738337133116
740400,Booth Lake,Southeastern Wisconsin Till Plains,Southeast Glacial Plains,071200060203,-1.2812396409732625,-2.165180714074285,-0.4003333518080134,TRUE,42.80001387,-88.4300968999999,477633.648134,2976.71007508,118,24,12,0.1688,909,10.9610004,-132.4,18.7199993,2.9000001,13.5699997,23.7600002,0,0.12,1.96,23.2199993,8.29,309,18.33333333,31.5,1.0419783696417457,247.487998809,247.127548218,19.458595428999985,0,9.26319685155698e-4,-0.00369939199713347,7.8044977101677e-4,-0.00369939199713347,9.26319685155698e-4
1887500,Two Island Lake -- Access at East Side Of Lake Nr 146th And 145th St,Northern Lakes and Forests,North Central Forest,070500010902,-1.2670525226951166,-2.2592334251406987,-0.2972869582681419,TRUE,45.2357749999999,-91.392746,118999.274726,1941.45384844,29,38,NA,0.1027,311,6.3530002,-26.6,18.8899994,14.9899998,0,63.2900009,0,2.8199999,0,0,0,18,NA,NA,NA,334.390403171,334.346008301,28.948891263000007,0,-0.00969821970442613,0.00357205344376424,0.00192610479198873,0.00357205344376424,-0.00969821970442613
184500,Deep Hole Lake,Northern Lakes and Forests,North Central Forest,040302020201,-1.2524651223094572,-2.5763283314364456,0.07061713090634734,TRUE,45.45635329,-88.9042788999999,385411.850083,2613.22728758999,95,15,NA,0.1608,484,3.6029999,103.9,19.5300007,2.3,0,52.1100006,0,0,0,23.2000008,2.8599999,30,NA,NA,NA,488.617994707,488.601104736,48.101731856000015,0,0.0076845033801956,0.00556615577991256,0.00292645311020709,0.00556615577991256,0.0076845033801956
418700,Boot Lake,Northern Lakes and Forests,Forest Transition,040301040101,-1.2027007984983349,-1.3841108745655322,-1.0202243506931579,TRUE,45.27163496,-88.6331617999999,931411.706225999,5852.26291927999,230,38,19,0.3333,671,8.9250002,-1886.9,19.5900002,8.7299995,0.54,31.7099991,0,0.72,0,36.8100014,1.89,158.2470588,NA,NA,NA,399.926829439,394.442901611,31.41966714299997,37981928.5714286,-8.99729422831716e-4,-0.00208929367876875,3.54446003226154e-4,-0.00208929367876875,-0.00208929367876875
981500,Duck Lake,Northern Lakes and Forests,North Central Forest,070700021201,-1.1974149214745007,-2.290507354173069,-0.10197390763221734,TRUE,45.38072111,-89.2473984599999,484442.953801999,3909.89875672,120,19,NA,0.2016,632.7000122,2.3299999,-42.8999999999999,18.3500004,13.1499996,0,0.65,2.73,16.9099998,0,47.2700005,0.94,21,0.492,1.426,1.7576969827535491,523.084032629,522.924194336,23.672925378999935,20171270.8809524,0.0046828104768051,0.00371437750090633,0.00444441788946188,0.00371437750090633,0.0046828104768051
741500,Pleasant Lake,Southeastern Wisconsin Till Plains,Southeast Glacial Plains,071200060501,-1.1524176473935654,-1.4712546763255596,-0.8295129106902001,TRUE,42.79084599,-88.5564895899999,587542.019653999,4237.24362649999,145,29,12,0.237,909,8.6459999,-142,27.7600002,0.93,1.48,15.7399998,0,2.0699999,2.6600001,39.3300018,8.4799995,410,NA,NA,NA,266.702045997,266.182098389,41.447398582999995,22019497.9047619,0.00289909811764476,0.00283953215991917,0.00241159618935355,0.00283953215991917,0.00289909811764476
741600,Rockland Lake,Southeastern Wisconsin Till Plains,Southeast Glacial Plains,071200060707,-1.1380304460548707,-1.3267600770692116,-0.9509644680500284,TRUE,42.6761283,-88.2492572,182289.809741,1881.24732567,45,28,10,0.1185,909,3.5829999,1.9,3.04,10.7200003,0.25,8.2700005,0,1.4400001,6.25,60.3400002,3.29,557,NA,NA,NA,230.115916071,229.837554932,17.092015448000012,267854156.25,0.00349173756069189,0.0025397534601074,4.00436764828975e-4,0.0025397534601074,0.00349173756069189
2092500,Axhandle Lake,Northern Lakes and Forests,North Central Forest,070500070404,-1.1023310413298617,-1.7468431370725745,-0.45218106800736957,TRUE,45.2807953,-91.4854390999999,348440.620518999,4800.35742407999,86,73,19,0.2381,311,7.7729998,-293.199999999999,20.3700008,6.2199998,0,57.6199989,0,5.29,0,10.5,0,25.92307692,NA,NA,NA,333.199126636,333.13494873,42.06466730899996,335446608.666667,0.0126406998865091,0.00241458580932578,0.00233598817768523,0.00241458580932578,0.0126406998865091
194800,Oak Lake,Northern Lakes and Forests,North Central Forest,040302020201,-1.088693269359019,-2.191611359205652,0.032594066170976335,TRUE,45.473297,-88.9398352999999,203883.82227900001,1688.92198404,50,47,NA,0.1082,484,2.2420001,353.4,18.5799999,0,0,81.4199982,0,0,0,0,0,24,NA,NA,NA,497.418767527,497.403259277,35.98327104700002,0,0.010718723176438,0.00997247991788406,0.0149806091107801,0.00997247991788406,0.0149806091107801
779200,Pine Lake,Southeastern Wisconsin Till Plains,Southeast Glacial Plains,070900010502,-1.0531657694014067,-1.1801447008982655,-0.9278529343879477,FALSE,43.1250069999999,-88.3903743999999,2875474.11065,12825.9137572,711,85,39,0.6687,909,5.4419999,28.3,26.6599998,3.99,0.94,24.7900009,1.59,3.78,0.07,36.1699982,0.55,343.8484848,NA,NA,NA,274.742351078,273.635070801,43.37776610999998,69805050.5595238,7.72253057914106e-4,4.02117462128171e-4,0.00476330751542804,4.02117462128171e-4,0.00476330751542804
985100,Fish Lake,Driftless Area,Central Sand Hills,070700050303,-1.0515242125012412,-1.1329052785225746,-0.9698464941689299,FALSE,43.28387815,-89.6542885,803713.304005,4062.71249385,199,62,NA,0.236,241,4.0770001,-125.6,54.7000008,15,1.1900001,24.8299999,0,0,4.2800002,0,0,277.9433962,NA,NA,NA,260.254654505,260.222198486,96.35127200899996,0,-0.00114902783255445,-0.00210485232810626,-3.16075979119062e-4,-0.00210485232810626,-0.00114902783255445
182100,Hills Lake,North Central Hardwood Forests,Central Sand Hills,040302022002,-0.9956613873099323,-1.5510832225027522,-0.4384150260962026,TRUE,44.1508117699999,-89.1578946,504572.380994,4226.74489825999,125,22,12,0.2469,1049,6.8340001,-112.2,25.7600002,8.5900002,0,22.3999996,3.6900001,6.7199998,0,31.6299992,0,223.4210526,12.63636364,22.54545455,1.08199801744165,264.554746367,263.829162598,25.832094452999968,0,0.00178314651718238,0.00125596918566671,0.00359299854101388,0.00125596918566671,0.00178314651718238
103100,Twin Lakes,North Central Hardwood Forests,Central Sand Hills,040302010302,-0.9160385469491898,-2.0541047180162297,0.2702097596687852,TRUE,43.9083081799999,-89.5854013999999,51201.9387637999,1024.95463980999,13,10,NA,0.0691,1049,7.8979998,82.5,40.0900002,6.6599998,0,22.8600006,0,6.2199998,0.72,12.8800001,10.5600004,228,NA,NA,NA,285.609665717,285.242401123,29.096694146000004,0,0.00492648098033661,0.00142393513815921,0.00344703365625986,0.00142393513815921,0.00492648098033661
774400,Beaver Lake,Southeastern Wisconsin Till Plains,Southeast Glacial Plains,070900010502,-0.8159809946219254,-0.9253799286409472,-0.7051972076991658,FALSE,43.12361845,-88.3614847999999,1268527.39834999,5938.85155949,313,49,15,0.3497,903.4000244,7.2670002,-140.2,25.0499992,6.0599999,9.29,7.8600001,0,1.4299999,1.97,39.7200012,1.6,462.9285714,NA,NA,NA,274.874653985,274.203857422,49.879587958,69805050.5595238,-0.00338573368773611,-0.00208655781693004,8.46705481014022e-4,-0.00208655781693004,-0.00208655781693004
2462200,East Eightmile Lake,Northern Lakes and Forests,Northwest Sands,070300010101,-0.8070970680254614,-0.9732599056156919,-0.6394283115874821,FALSE,46.41605547,-91.4624125999999,128684.021406999,1559.09323836,32,24,10,0.0998,1032,7.6869998,-1260.4,12.8299999,2.4000001,4.4099998,65.2300034,0,12.6300001,0,2.5,0,65,1.672580645,6.113978495,2.2167995491695955,355.410315264,354.702636719,38.259362469999985,0,-0.00154497647272441,0.0040453413653381,0.00371031047104301,0.0040453413653381,-0.00154497647272441
425600,Paya Lake,Northern Lakes and Forests,Forest Transition,040301040103,-0.7954358658435169,-1.797015860148915,0.23357503644653543,TRUE,45.27601723,-88.4847868699999,424911.18991,2764.88909582,105,40,20,0.1693,671,7.5949998,258.1,41.0499992,19.0799999,0,12.46,0,0,2.72,24.6900005,0,202.2,NA,NA,NA,356.017188667,350.664001465,31.237541557999975,0,-0.00250841534675901,0.00715103310024398,0.00732000614713373,0.00715103310024398,-0.00250841534675901
417400,Archibald Lake,Northern Lakes and Forests,Forest Transition,040301040202,-0.7477958516984298,-1.6960994347536549,0.22063458294445287,TRUE,45.28299922,-88.5866448999999,1586788.23205,12509.870508,392,50,19,0.5669,671,6.5500002,-504.9,23.5799999,8.6300001,0,12.8199997,0.74,0.76,0,52.6599998,0.81,202.6666667,NA,NA,NA,392.621550924,386.601196289,36.933014506000006,4857757.14285714,0.00797316316809132,0.00267077326527478,-2.70839789335983e-4,0.00267077326527478,0.00797316316809132
181800,Bass Lake,North Central Hardwood Forests,Northeast Sands,040302020602,-0.7251564987010956,-1.4949658260868373,0.041955887747661444,TRUE,44.8708212,-88.5009368999999,327846.720253999,2271.75006072999,81,24,NA,0.1423,1256,3.618,-63.7,20.7999992,0,0,47.9300003,0,2.25,5.6900001,14.5500002,0,109,4.466666667,10,1.3577069489599491,254.52637391,254.422607422,11.499810171999997,0,0.00141946085945876,0.00141185340233718,0.00150677745663408,0.00141185340233718,0.00141946085945876
418300,Berry Lake,North Central Hardwood Forests,Northeast Sands,040301040501,-0.6269060968602554,-0.8022258018590134,-0.44977884599655465,FALSE,44.8875,-88.4722222,846161.412722,5597.96038890999,209,27,8,0.3061,1241.3000488,3.8210001,-88.5,2.1900001,12.1499996,3.27,9.5100002,0,0,6.96,32.5400009,30.0200005,159.1111111,NA,NA,NA,256.609413982,256.540344238,23.67739021700004,72345,0.00155160852537263,0.00425431621103803,0.00144640343334413,0.00425431621103803,0.00155160852537263
195900,Pickerel Lake,North Central Hardwood Forests,Central Sand Hills,040302021805,-0.6162729355906296,-1.209250800305395,-0.020397086558520284,FALSE,44.3160860799999,-89.3231720999999,159531.269601,1806.84497581,39,16,NA,0.1151,1049,9.3529997,-495.6,26.8500004,8.0799999,0,20.0699997,6.6900001,3.5599999,0,34.75,0,213,NA,NA,NA,326.451059557,321.280883789,55.209951184999966,130778694.375,0.0062802110885519,0.00795485136698794,0.00495662880531954,0.00795485136698794,0.00795485136698794
181900,Bear Lake,North Central Hardwood Forests,Central Sand Hills,040302021804,-0.5419550572748929,-1.6423883013819462,0.5917364940746255,TRUE,44.4338612,-89.3948379999999,119177.676972,1675.65226854,29,36,7,0.0977,530,5.5310001,-20,10.54,3.5799999,0,39.7099991,3.27,5.8299999,36.9500008,0,0,119,NA,NA,NA,336.241863646,333.559570313,45.441791138999974,0,0.00332757100187485,0.0035562368253863,0.00430500193166198,0.0035562368253863,0.00332757100187485
2461100,Devils Lake,Northern Lakes and Forests,Northwest Sands,070300010504,-0.5025232083740714,-1.504169711443199,0.5186200389952633,TRUE,45.8977239999999,-92.3429713999999,3945437.97691999,7829.48810452,975,24,14,0.4576,504.2000122,4.6869998,-867,23.8899994,7.8000002,0.13,21.7700005,5.0900002,28.4099998,0.04,3.1300001,1.88,80,NA,NA,NA,292.936784143,292.809051514,30.69138968499999,24505894.3535714,-0.00136049826006678,0.00222660639119435,0.00477052965314788,0.00222660639119435,0.00477052965314788
191100,Long Lake,North Central Hardwood Forests,Central Sand Hills,040302022001,-0.49671335844372866,-0.8609109681556738,-0.13295281719066687,FALSE,44.2157222,-89.1207222,1028724.38764,7366.44676244,254,71,NA,0.4299,1049,8.5699997,-256.899999999999,31.7000008,3.49,0,27.0799999,0.33,2.02,2.54,28.3099995,3.1199999,238.6444444,NA,NA,NA,265.245568886,264.471466064,49.425695761999975,0,0.00354255662649009,0.00114895462287957,0.00286056719652529,0.00114895462287957,0.00114895462287957
2630100,Horseshoe Lake,North Central Hardwood Forests,Forest Transition,070300050706,-0.3481271697547189,-1.3402211591138165,0.6757920560843667,FALSE,45.4429451099999,-92.1588151899999,1610988.44655,18014.0778978999,398,57,20,0.9247,281.2999878,5.1409998,-369.199999999999,11.1700001,5.0999999,0.03,50.9000015,3.9300001,6.3400002,0.39,4.54,13.2399998,57,NA,NA,NA,369.198501246,369.05557251,31.01957736700001,0,0.00348740382524049,-7.40255081522539e-4,-3.09884015810301e-4,-7.40255081522539e-4,-3.09884015810301e-4
1012500,Plainfield Lake,North Central Hardwood Forests,Central Sand Hills,070700030501,-0.1756973356966059,-1.2599201646848859,0.9499629711792469,FALSE,44.20552876,-89.4717864999999,118870.972659,1679.4492725,29,12,NA,0.1005,1176.1999512,6.5370002,-160,25.8700008,6.1700001,0,45.8699989,0,0,4.1799998,4.9699998,12.9399996,179,NA,NA,NA,333.774766404,333.709564209,29.823866409000004,0,0.00117321601566298,0.00106416905059726,0.00125469489248329,0.00106416905059726,0.00117321601566298
2493900,Round Lake,Northern Lakes and Forests,Northwest Sands,070300010204,0.05224249942764569,-0.09853433626870427,0.20443938421918373,FALSE,46.2282750899999,-91.936299,134593.156289,1324.43489036,33,76,28,0.087,1032,10.3079996,-1643.2,20.6900005,0,2.99,31.9500008,18.9699993,25.3999996,0,0,0,25,0.567830508,2.126190476,2.270769386553603,314.598493478,314.501220703,19.010667898999998,0,0.0015239214795481,0.00362023942010076,0.00225957298133576,0.00362023942010076,0.0015239214795481
985e3,Fish Lake (Hancock),North Central Hardwood Forests,Central Sand Hills,070700030501,0.2667658597352281,-0.1642578123510656,0.7095925456928386,FALSE,44.1188627,-89.4776209999999,663163.991336,5939.72130913,164,37,NA,0.3502,1049,9.1370001,-287.1,27.2700005,3.5699999,1.4299999,13.9099998,5.5700002,1.51,10.3699999,25.7600002,9.9899998,265.1904762,NA,NA,NA,324.67148275,324.332855225,44.63283853899998,0,0.0049836285197657,0.0050601121598088,0.00119398523606544,0.0050601121598088,0.0049836285197657
197600,Round Lake,North Central Hardwood Forests,Northeast Sands,040302020702,0.3879430077433553,-0.3016583679591144,1.0915646242048083,FALSE,44.8910962,-88.5639929,205807.090241,1715.20830053,51,37,NA,0.1058,1256,3.668,-169.4,33.8400002,7.2800002,0,29.7700005,0,0,0,22.6800003,0,171.5,8.1375,18.875,1.4066483567488866,256.303172218,256.225738525,19.437550438000017,0,-6.06863252394475e-4,-6.6510933862169e-4,-5.9861570274345e-4,-6.6510933862169e-4,-6.6510933862169e-4
