WBIC,LakeName,US_L3NAME,ECO_LANDSC,HUC12_CODE,lat,long,SHAPE_AREA,SHAPE_LEN,Area,MaxDepth,MeanDepth,R_AREA,R_PERM,R_SLOPE,R_DARCY,R_LU06_11,R_LU06_21,R_LU06_22,R_LU06_41,R_LU06_42,R_LU06_43,R_LU06_82,R_LU06_90,R_LU06_95,cond,mg_average,ca_average,cation_ratio,lake_MEAN,watershed_MIN,elevation_difference,mean_ann_wdrl_gals,slope2,slope3,slope4,slope5,slopenearest
1858200,Kirby Lake,North Central Hardwood Forests,Forest Transition,070500070201,45.59828546,-92.0726817,0.04901978039997423,0.8496433387231705,0.15803769103295673,-0.6601029886434414,-1.5190199853514479,0.6765164828072344,-1.3816463348866899,-0.6203558831430908,0.2642107039702412,0.1394572705059394,-0.0759622268994786,-0.7321241396847364,1.2195987588313137,1.4040685462631735,-0.5642645633870814,-0.535000029857256,-1.372973851475367,1.318613357988542,-1.3010534084947962,NA,NA,NA,0.5511311752251465,0.5628558874112247,0.5425894137156054,0.826352084050781,0.5767667550282699,1.01870422234764,0.8925110282278701,1.01870422234764,0.4193434781710089
2496300,Shell Lake,North Central Hardwood Forests,Forest Transition,070300010403,45.7460593799999,-91.9168422999999,3.163690890374215,2.0642790008946554,2.466513442240412,0.24958050736233697,0.9905279204472645,2.1070654884102167,-0.5436119122172667,-0.7164467671044796,0.016353717308871734,3.112331484732623,-0.2706229308076582,1.841575078506671,-1.2755236560619359,-0.4849337011814315,-0.2978979984138858,-0.004229146128131075,-0.711601066749167,-0.7698100020855277,-0.4512883204790941,NA,NA,NA,0.24783484354810517,0.2604549428611994,0.564652255766559,1.4597767683081437,-2.8003811051455445,-0.7681767572907433,1.7976583147375678,-0.7681767572907433,-2.64340921103262
2599400,Ward Lake,North Central Hardwood Forests,Forest Transition,070300010901,45.5996752699999,-92.3196372,-0.1162994816247997,0.11344442855011805,-0.021138525453763893,0.5026121154950003,0.25734788970374434,0.15623929435595907,-1.3816463348866899,-0.028451790544863055,0.39696853534921533,1.304500203128579,0.7656085889240881,-0.7321241396847364,-0.30708938234869837,0.6425634978178338,0.24048043743581038,-0.535000029857256,-1.061721688855306,-0.7698100020855277,-0.3263413180620991,NA,NA,NA,0.14634327219454069,0.16045781030332326,0.7381842085898201,-0.7650188952317194,0.45237596529656937,1.802117814535498,1.036053697533652,1.802117814535498,0.3065328339419698
994900,Lake Huron,North Central Hardwood Forests,Central Sand Hills,070700030501,44.1956388899999,-89.4174722,-0.7764517210738662,-1.0856227645295173,-0.7825084307139302,0.5986605508029926,1.0690100985581106,-1.0296858489840806,0.8254844604728878,1.7996379740737607,0.04027410295297937,0.9957708118697038,0.27226468686249944,-0.7321241396847364,0.9472798472453858,0.910253100603277,-1.3131297953814416,-0.535000029857256,-1.7688620890574125,-0.7698100020855277,1.1852532973140335,NA,NA,NA,-0.2033331317987597,-0.18681935038093542,-0.18209166864046095,-0.7650188952317194,0.005674347052618669,0.41108172029573575,0.10271164825138732,0.41108172029573575,-0.09858315126036539
117e3,Twin Lakes,North Central Hardwood Forests,Central Sand Hills,040302010302,43.9105302999999,-89.5898459,-1.8980254145488773,-2.1843865933333855,-2.2776793947546703,-0.010022822961416,NA,-2.1278528212061434,0.8806245311653489,0.8788981563319882,0.3972895842308229,0.9075360922441682,-0.5960256188255086,-0.7321241396847364,0.6477290626554618,-0.6727812538461333,0.6549823188975724,-0.535000029857256,-0.11091480688597145,-0.7698100020855277,1.215390210942411,1.7746301882911142,1.724241083205638,-1.1983679631472621,-0.8550176144494542,-0.8375954874679242,2.1303171882247462,-0.7650188952317194,0.4149963892344708,-0.2567717069272381,0.33369160155419236,-0.2567717069272381,0.2726331049855978
2015500,"MAX LAKE NEAR WOODRUFF, WI",Northern Lakes and Forests,Northern Highland,070500020106,46.0243948999999,-89.7098732,-1.4080758199572672,-1.6373652011084232,-1.4437772831758784,-5.842971574728597,NA,-1.6038599587127411,-0.05543841138040721,-1.258336302849491,0.6070140218295458,-0.5833442299246826,-1.8747455820787247,-0.7321241396847364,-0.8171200841650054,-0.6727812538461333,1.7720952953336062,-0.535000029857256,0.9881959935720257,-0.7698100020855277,0.36132140302596427,-0.7085535553816683,-0.9322643401061058,-0.5322480898643099,1.2813022925151412,1.2866635744119237,-0.7959480924071872,1.3920014721482992,0.8485451884476185,1.5046742501297325,-0.5564370242316342,1.5046742501297325,0.976625323513434
2767300,Loon Lake - Staff Gage,Northern Lakes and Forests,North Central Forest,040103020305,46.350147,-90.6462999999999,-1.0081170787758975,-0.46717554011357854,-1.080545920514166,-0.3882501203584171,-1.177265004546747,-0.7891111120968989,-1.6904510438652727,-0.7676427692523033,1.3201112986619352,0.24660138867001907,1.4153712624341104,-0.7321241396847364,0.34647614275167,1.0921474106889835,0.7264582135590384,-0.535000029857256,-0.6263464621960715,-0.7698100020855277,-0.0948362434910352,NA,NA,NA,0.28420891994466696,0.29758869289402123,1.3964026732161678,1.4699809183840422,0.8807949484886162,1.1970719278109463,-0.7959638175410311,1.1970719278109463,2.7845220721442394
994700,Lake Clara,Northern Lakes and Forests,Northern Highland,070700011304,45.51662728,-89.5751328,-0.10041798481463349,0.26631621106190867,0.003470443527182069,0.2885967678401635,NA,0.3064837812394826,0.8220452965900765,-0.48252055939073624,0.5818241638237326,-0.5951572427474286,0.8524730179618832,1.172776150836402,-0.729751085469687,2.6278468166816835,1.0601511461913011,-0.535000029857256,-0.008800763124202901,0.30164283049127566,-0.6762334736434666,-0.5570450561800077,-0.453940736244344,0.44182981676328564,1.0621979004838187,1.0699245481701212,-0.6956054537973656,-0.7650188952317194,0.1959651317169488,0.4671783106524539,0.8674755670702228,0.4671783106524539,1.280154770673916
778300,Middle Genesee Lake,Southeastern Wisconsin Till Plains,Southeast Glacial Plains,070900020303,43.0474999999999,-88.4797221999999,0.052618188939240085,-0.30804487019965704,0.15803769103295673,0.39961847955129975,-1.5190199853514479,-0.3157959076289471,0.4056161866949853,-1.9045869183811617,0.22568642960093266,0.2417863517450119,-1.5330179250432954,0.7819071790611367,-0.6945765592007276,-0.6727812538461333,0.16993404440431473,0.0426930367670763,0.8595781287135235,0.74145211650427,1.4577166334142377,NA,NA,NA,-1.2280358926799153,-1.2112060024865212,-2.198355306424375,-0.7650188952317194,-0.15316476566736306,-0.43117410796484096,-0.4796989790438132,-0.43117410796484096,-0.31048452894153855
2734700,Lake Knotting,Northern Lakes and Forests,North Central Forest,040103020604,46.27397611,-91.1155403399999,-0.19189268216316568,-0.1628261944417684,-0.09953643594094166,-0.9962533151143173,NA,-0.15510498853446855,-1.0628525653762264,-1.1323155108062284,-0.027129670202201136,-0.24182079662981906,-0.06127902671924945,-0.7321241396847364,0.1654974685572124,0.7049423397159333,1.4239303369712537,-0.535000029857256,-0.28290157859871795,-0.7698100020855277,-1.0027832266073067,-0.8026075332005449,-0.8168348174463733,1.403882166422559,0.8315548922396611,0.8418038276169674,-1.2369597906190484,-0.7650188952317194,0.044105205717265124,1.834264386719784,-0.3910030511389219,1.834264386719784,-0.06373000872798823
1862100,Little Rock Lake,Northern Lakes and Forests,Northern Highland,070500020105,45.9960618699999,-89.6993166,-0.8364345711896879,0.05723200504039188,-0.8415385074945853,-0.9045067510357675,NA,0.07557803698509268,0.8220452965900765,0.8493621027298269,0.12070002844760028,-0.48557156582176014,0.18380641617743884,-0.7321241396847364,0.2863389603272314,-0.6727812538461333,2.148309945279341,-0.535000029857256,-0.6458309245604259,-0.7698100020855277,-1.3157064974663892,-0.7863794782596241,-0.8824194006390391,0.75217781837768,1.2913849132323567,1.2921004575298545,-0.219541018859367,-0.7650188952317194,-0.11830566720109552,-0.2365825807222641,-0.748067715137884,-0.2365825807222641,-0.21102126110478422
991e3,Honeysuckle Lake,Northern Lakes and Forests,Northern Highland,070700010307,45.9618971,-89.3620815999999,-0.8952978951075434,-0.9443445416055558,-0.9371848053502839,-1.1995835814792382,NA,-0.9173876542347452,0.8220452965900765,-1.5143161560625695,0.47544359986299667,-0.2321187391315642,-1.8747455820787247,-0.7321241396847364,-0.7904555026081878,-0.6727812538461333,0.9584079078039062,-0.535000029857256,1.299260238591139,-0.7698100020855277,-1.409236172204072,-0.751526882403025,-1.0299253486627424,-0.6270911165883117,1.3321653027410545,1.3371187806929834,-1.564384595454418,-0.7650188952317194,0.059272290184087945,-0.6496345904874844,-0.5377924406533258,-0.6496345904874844,-0.049974902152420835
1881100,Silver Lake,North Central Hardwood Forests,Forest Transition,070500070201,45.58379766,-91.9212148799999,1.2187318775400542,1.3675007056309922,1.2173443567502735,1.570381534030261,1.8281542117712832,1.3047005918322832,-1.3816463348866899,-0.12217974453552774,0.20135666560574045,0.3106327095097545,0.10152607090115648,1.1482124358871544,0.22109600737208907,2.1997103286304456,0.42035853377934784,-0.535000029857256,-1.0501925015316214,0.3690674370142469,-0.8204835071784458,NA,NA,NA,0.36159072900872613,0.37512848738610255,-0.29215437583781373,0.826352084050781,-0.41808978136855823,-0.7679475757598373,1.6420880805344882,-0.7679475757598373,-0.48278811676774636
104700,Sharon Lake,North Central Hardwood Forests,Central Sand Hills,040302010701,43.9772629499999,-89.3834519699999,-0.6450393725725317,-0.44617680645911095,-0.6241486349656564,-0.010022822961416,-0.8863684209778933,-0.4804134853670886,0.8806245311653489,-1.405229413242011,0.3612264045624734,2.0903310389807013,0.17410508544454628,-0.7321241396847364,-1.5433039637514832,-0.6727812538461333,-1.3131297953814416,2.7855647768388145,0.23428503570689072,0.9031300489169065,0.6070900438532961,NA,NA,NA,-1.3608132027667597,-1.4482243642313917,-1.732423513053131,-0.7650188952317194,0.16537227597728887,0.15947711914259297,-0.1761411195788484,0.15947711914259297,0.04624771831521488
589400,Morgan Lake,Northern Lakes and Forests,North Central Forest,040301080104,45.7724593,-88.5462323999999,-0.7214885570267957,-0.9304218504272735,-0.7001076106312628,-1.3132434377814863,NA,-0.882406521049822,-0.3590760390953842,-0.0961879480541685,0.26158449473754447,-0.5005370832560643,0.1659858098863296,-0.7321241396847364,-0.08412821930759387,-0.6727812538461333,0.005590142544716057,-0.535000029857256,1.1165653596749863,-0.7698100020855277,-1.4750365556857046,-0.6029696076246451,-0.7208598966667996,-0.4158209750262724,0.9454318780303748,0.9542491544671128,-1.4090500418943306,-0.7650188952317194,0.83510172675953,0.5944501059513114,2.4609254776835154,0.5944501059513114,1.4639980418698264
967900,Alma Lake,Northern Lakes and Forests,Northern Highland,070700010403,45.9071749,-89.4298607,-0.45516248031184897,-0.21749556759517447,-0.3883971993854955,-0.6601029886434414,-0.6347150158133962,-0.21339248762445912,0.8220452965900765,1.364472093652545,-0.06174122164476657,-0.43762168971654836,-0.7148389899097705,-0.7321241396847364,-0.6662100011827671,-0.6727812538461333,2.0748488491484407,-0.535000029857256,0.5501304624947357,-0.7698100020855277,-1.091274740473646,-0.479038744148027,-0.48963651932490465,-0.27151429758652784,1.2632595648240417,1.2686901071605734,-0.8489150668593343,0.9880001582063944,0.3801681556407769,-0.26526762674416493,-1.0608335364526384,-0.26526762674416493,0.3067323027976373
2469400,Hoinville Lake,Northern Lakes and Forests,Northwest Sands,070300020403,46.02382175,-91.99977699,-0.42471302252918025,-0.23473654481204437,-0.35130063030221537,-0.3882501203584171,-0.8863684209778933,-0.22115201814353705,0.8220452965900765,0.9545106158053417,-0.6231284154178123,0.04578826726524565,0.11658425885917066,-0.7321241396847364,0.8519681952851035,-0.6727812538461333,1.1866037699889347,-0.535000029857256,-0.698642961451524,0.575493680911241,0.2583881703291035,NA,NA,NA,-0.7802845428885472,-0.7717390783191607,-0.086898346660849,1.0410608987922993,-0.10250899034820095,-0.25954128717101416,-0.5305558892401286,-0.25954128717101416,0.271340967508224
1855100,Howe Lake,Northern Lakes and Forests,North Central Forest,070500050103,45.08524027,-91.3132082,-0.31654629186706085,-0.308304138111148,-0.23228056643086153,0.3635638318784319,0.5083994501226919,-0.26758941114799106,-1.755269650323254,-0.8968140426996752,0.08764919108195757,-0.062341805948234505,-0.40172855712750793,-0.7321241396847364,0.6766628553874843,-0.6727812538461333,0.00436105016441252,-0.535000029857256,0.6096209246150538,-0.7698100020855277,-0.6578790266763382,NA,NA,NA,-0.4656346872648501,-0.44845793945257345,-0.4979628834320781,-0.7650188952317194,-0.04670559994071768,-0.450391973445918,-0.08944919355946013,-0.450391973445918,-0.1460867934331211
1883700,Statehouse Lake,Northern Lakes and Forests,Northern Highland,070500020108,46.14,-89.89,-1.4335777324401624,-1.3611337524706157,-1.6186160936558744,-0.7370114383902947,NA,-1.3169704689068027,0.8220452965900765,-1.4930501407596395,0.3886153223697291,-0.608195763428742,-1.5151600547068236,-0.7321241396847364,-0.9561162071063888,1.6045109398648163,0.00927051114677153,-0.535000029857256,1.230541939026065,0.5736395146371067,-0.26160627110395396,NA,NA,NA,1.2456834118096298,1.250876299648846,-1.888303187341156,0.9249944629458543,-0.3641354014071126,-0.31480018357598,0.17828463304163278,-0.31480018357598,0.036370118179560915
2340100,Spruce Lake,Northern Lakes and Forests,Northern Highland,070500020101,46.0532838999999,-89.5662573,-1.6575064974626499,-2.107311893506278,-1.9865395389033103,-0.9045067510357675,NA,-2.2209507190977265,-0.3590760390953842,-1.4182252721011808,0.9605429113296182,-0.7871243251977735,0.11991527589200077,-0.7321241396847364,-0.8670452319499276,-0.6727812538461333,0.26020965010296904,-0.535000029857256,0.586946969089461,3.053649706092422,-1.353459937212667,-0.8173660762712189,-1.0110360054942158,0.4663076285925517,1.362983858105159,1.3677015706540872,0.05106982377316388,0.5171202742129255,-0.5426779894803473,-0.4132400473167131,-0.5788041985372944,-0.4132400473167131,-0.5958866934455146
106600,Patrick Lake,North Central Hardwood Forests,Central Sand Hills,040302010302,43.8869188899999,-89.6556798999999,-0.8355585040002823,-0.11413012743519357,-0.8415385074945853,-0.5177088296189992,-0.8863684209778933,-0.1925707440012936,0.8816606071342175,1.1084924373470149,-0.15662481483458898,0.7541519782639634,-1.1900069732540017,-0.7321241396847364,0.8508335045978269,-0.6727812538461333,-0.4230887485492002,0.7148265357888527,-0.5751539848992109,1.645141904719798,-1.82837650043367,NA,NA,NA,-0.6813618525918476,-0.8090491294205607,1.0281574364555954,-0.7650188952317194,-0.005498966842097291,-0.8383313640320517,-0.010601753162091502,-0.8383313640320517,-0.10871628685147224
1877900,Rosalind Lake,Northern Lakes and Forests,Northern Highland,070500020107,46.18,-89.78,-0.7430851562385158,-0.5457872706171033,-0.7268108419636164,0.7174150552802402,NA,-0.5968415000696135,-1.6904510438652727,-0.16116743925756677,0.022685254187323103,-0.14161388627710372,1.5950547788955693,-0.7321241396847364,0.6726915599582161,-0.6727812538461333,0.7901210239886298,-0.535000029857256,-0.5275279101219303,-0.7698100020855277,-0.7013270519969208,NA,NA,NA,1.3126479121850152,1.3148044061697455,-1.5142090902001726,0.4454686052967594,0.002323684547890297,0.37761680769833134,-0.0011445096966717875,0.37761680769833134,0.16704809589082217
1176400,Vandercook Lake,Northern Lakes and Forests,Northern Highland,070700010803,45.9857842999999,-89.6823713,0.04558316542016577,0.08803345007937537,0.1479056059682423,0.1256816144527262,NA,0.004747329577963934,-0.3590760390953842,0.5563636696672309,-0.13442268760850232,0.06989611952432177,0.5183080927017248,-0.7321241396847364,0.1637955431558739,-0.6727812538461333,1.175490812030799,-0.535000029857256,0.11834991271428578,-0.7698100020855277,-1.275991378942199,-0.7475830389978836,-0.712570414445095,1.1261752028321075,1.2989335493251661,1.3022663123612954,-0.009495780363537595,-0.7650188952317194,0.013004108620915146,-0.3729577587787639,-0.2819920370452323,-0.3729577587787639,-0.09193575295741811
2771200,Phantom Lake - Staff Gage,Northern Lakes and Forests,Northwest Sands,040103020602,46.4938849999999,-91.2962799999999,-0.6834989734348664,-0.907650050358154,-0.6741184542287364,0.20946591393733183,NA,-0.8607430071871335,0.8220452965900765,0.32952609433962127,-0.15238898758960337,-0.552806123379685,-1.8747455820787247,-0.7321241396847364,2.458650024402453,-0.6727812538461333,0.5722280036921954,-0.535000029857256,-1.7688620890574125,-0.7698100020855277,-1.1605143190925231,-0.6320213362603138,-0.6276584682662577,0.27300284828682986,-0.27849878008608436,-0.2678815820846926,1.4517442219869217,1.4161299401423646,1.48690685051582,1.100271532667476,0.09321561668765345,1.100271532667476,1.2447541917140854
2767100,Long Lake,Northern Lakes and Forests,Northwest Sands,040103010801,46.5816080999999,-91.3385231999999,1.0578156937096144,1.5407638485636632,1.0875121443120541,-0.10824735823187967,-0.41410909714973093,1.5105284057192323,0.8220452965900765,1.176622567480562,-0.5149718217807614,-0.6753073287845399,0.79570599317884,1.5875670184816446,1.17421231138907,0.8019251189943567,0.584268976053461,-0.535000029857256,-1.1153686970995034,-0.7698100020855277,0.050310846695068676,NA,NA,NA,-0.16390854104572253,-0.22079747762446678,0.7614171390230186,-0.7650188952317194,0.9026158754724197,1.372529888419219,1.4566339468250984,1.372529888419219,0.7148577142173964
779800,Silver Lake,Southeastern Wisconsin Till Plains,Southeast Glacial Plains,070900010504,43.07667407,-88.4925989999999,0.8149924416763938,0.6356610588307365,0.8805365451122277,0.5353529270767041,NA,0.6253205978003963,0.4056161866949853,-1.2827528389380407,0.158244090518423,-0.6129485456689618,-0.5039153341951853,1.9363184292295075,-1.141633519237097,-0.6727812538461333,-0.5815900891623232,1.1881247705172633,0.5826221906679281,1.58620121792812,1.5089698710003427,2.1984007633654925,1.7902231587254194,-2.257749437164031,-1.2506689378317606,-1.2365091124464564,-0.6252393340771701,-0.7650188952317194,-0.2473303735174433,-0.2499327654264457,-0.21132299029497145,-0.2499327654264457,-0.3280344280153275
779300,Pretty Lake,Southeastern Wisconsin Till Plains,Southeast Glacial Plains,070900020305,42.95497772,-88.49890784,-0.34374956090853226,-0.5768905614373157,-0.26470532423288895,0.20946591393733183,NA,-0.5246537582478591,0.4056161866949853,-1.2398270326154874,0.3445715671575836,-1.3036552644423143,-0.05762652262767285,1.938813036675645,-1.183048671250073,-0.6727812538461333,-1.3131297953814416,-0.535000029857256,1.164328164738667,1.5936483922516262,1.415848772758347,NA,NA,NA,-1.2544973600770353,-1.246764256008718,-2.0689736695192806,1.6020641595149325,-0.164387436121909,-0.5676417301926792,-0.5342494205236057,-0.5676417301926792,-0.25281305332978254
2450500,Bass Lake,North Central Hardwood Forests,Western Prairie,070300051008,45.0671228799999,-92.64892184,1.3263534802455517,1.5214616995823809,1.3012057354675637,0.2885967678401635,NA,1.5568273318345565,0.12591157261273767,-0.6376837080824871,-0.5692420157724046,-0.2547932482230953,0.25517539817793905,1.4466624171875564,1.0204656179915281,2.3181825457015264,-1.3131297953814416,-0.535000029857256,-1.7688620890574125,0.4182190269429407,1.089661055841387,NA,NA,NA,-1.038951529733136,-1.0580867268256344,1.410018497772609,1.6771526501149452,-0.3265634329484979,-0.7041468338616986,-3.444043498322231,-0.7041468338616986,-0.608205876328131
421600,Grindle Lake - Staff Gage,Northern Lakes and Forests,Northeast Sands,040301040205,45.2331599999999,-88.370834,-0.8159468155011569,-1.1604372748405558,-0.8115844592644618,-0.3882501203584171,NA,-1.099718438388065,1.6123012164460884,-1.1019917876261525,0.3571881769824891,-0.7647233786534903,-0.38167329023595103,-0.7321241396847364,-1.2358104861834143,-0.6727812538461333,-0.10996854649051305,-0.535000029857256,1.864950585000047,-0.7698100020855277,-0.6281268099587524,NA,NA,NA,-0.8111601534099538,-0.7945123474400961,-0.502583165320849,1.1411754264706386,-0.42027504807095634,0.3276037339328743,-1.6817704618892506,0.3276037339328743,0.13492649988651495
1842400,Crystal Lake,Northern Lakes and Forests,Northern Highland,070500020105,45.999642,-89.610408,-0.0015595884993663358,-0.4774788027840443,0.10607873795468269,1.1342712090779439,1.6583902247280173,-0.3961419996299276,0.6589814549016499,-1.6950772861374777,0.439680082192441,-1.5595746268591764,2.3873342611645776,-0.7321241396847364,-1.593796437023453,0.8543693039482534,0.48570859871320454,-0.535000029857256,0.9506549827404771,1.4091211818179357,-1.3199947847254667,-0.7981932719148093,-0.867221686443955,1.0346835338009313,1.3342482137706624,1.3314593170388054,1.6242186714347733,-0.7650188952317194,-0.05786526424225159,-0.15572079524963225,-0.9138338974528836,-0.15572079524963225,-0.15620755013826979
2757900,Carlin Lake,Northern Lakes and Forests,Northern Highland,040201010303,46.2,-89.7699999999999,0.49092763607162637,0.5244308496120131,0.5894628628066754,0.24958050736233697,NA,0.5878767376678186,-1.4365962103980634,0.48232635244215777,0.17209455492238224,0.5699552887864605,-0.17444413511761747,-0.7321241396847364,0.24378912330029062,-0.6727812538461333,1.2151415583370206,-0.535000029857256,-0.34890108078897136,-0.7698100020855277,-1.204877569895818,-0.7443095809487468,-0.7194152887251705,1.045965239742912,1.3164485428662343,1.3215304084963342,0.12535732676775013,-0.7650188952317194,0.7096889253299398,-0.07259746262498377,0.022885787783731973,-0.07259746262498377,0.5398912751292592
1881900,Sparkling Lake,Northern Lakes and Forests,Northern Highland,070500020105,46.006239,-89.6958759999999,0.5053068895188665,0.30000074177213853,0.6009394562970772,1.0690213523948888,NA,0.3441701785746009,0.8220452965900765,-0.2088191842845881,0.17842484067932962,-0.35456874146810036,1.2945290209283595,1.0309369372221346,-0.09887884082355658,-0.6727812538461333,1.5475262126669997,-0.535000029857256,-0.12152750744498506,-0.7698100020855277,0.16058338385808818,0.3527655200303838,0.8498907537095742,1.042502012661353,1.287085143871729,1.2921717432941902,-0.846847539661728,-0.7650188952317194,0.04753883020068434,-0.0019644028009833084,-0.6414684273343609,-0.0019644028009833084,-0.06061603709993923
184200,Crystal Lake,Northern Lakes and Forests,North Central Forest,040302020201,45.3791274599999,-88.9253800399999,-0.19931141382589945,-0.13292254783858765,-0.11332694880272595,0.24958050736233697,0.9905279204472645,-0.1341954111234742,-0.3590760390953842,-0.35531828267135646,0.288611975938989,-0.6248576169531241,1.6475647627885464,-0.7321241396847364,-0.02455849285636969,-0.6727812538461333,-0.6851321265784902,-0.535000029857256,0.840131828647713,-0.7698100020855277,-1.1605143190925231,NA,NA,NA,1.1065375047150139,1.0474667482946396,0.2362992681865332,-0.7650188952317194,-0.35658409274895575,-0.6737691881917275,-0.271610669528065,-0.6737691881917275,-0.4271171854888457
45100,Cedar Lake,Southeastern Wisconsin Till Plains,Southeast Glacial Plains,040301011105,43.9249045899999,-87.9384592699999,0.37015227046159555,0.7785574918082162,0.47735361144750704,-0.5177088296189992,-1.177265004546747,0.6785109568013457,-1.6815350335630412,0.7071948128972457,0.19322442316061084,0.8365306731215217,-0.2218446025319338,1.804556081994438,-0.9759728204122076,-0.6727812538461333,-1.3131297953814416,1.7789187831012232,0.4931761082400202,-0.7698100020855277,1.1707296840886179,NA,NA,NA,-1.0988279337802374,-1.123941930351394,0.9055503973784483,1.5122024883230036,0.31742380924949404,0.1634563582253598,0.3531695035532422,0.1634563582253598,0.18414403251539121
968800,Anvil Lake,Northern Lakes and Forests,North Central Forest,070700010102,45.9501388899999,-89.0542499999999,1.3443001499868454,1.1290048605971528,1.3151192916566519,0.08186693276650887,0.6193092230002094,1.1880299367741727,-0.6953580139973962,-0.2737986361064764,0.2925330908887822,-0.7007999367814789,0.022721941542953566,-0.7321241396847364,0.028770670257265783,-0.6727812538461333,0.5373978839379195,-0.535000029857256,0.5763174915396009,0.3085711729209891,-0.5477424378489933,-0.1180220271388209,-0.18327601514665254,-0.9283475033588047,1.424473970599101,1.4168534211167252,1.0151834480176063,-0.7650188952317194,-0.357544601572431,-0.008400236929346558,-0.12527515215134202,-0.008400236929346558,-0.42798827585974564
2043700,Upper Twin Lake,Northern Lakes and Forests,North Central Forest,070500050103,45.0921847999999,-91.3087636,-0.8902939385764056,-0.5723246718155226,-0.9042827391576472,-0.16002024551261812,NA,-0.5704067779813535,-1.764164171254936,-1.6332483157196986,0.1973749276401896,-0.5399615667163099,-1.3878910809247316,-0.7321241396847364,-0.9271823065814458,-0.6727812538461333,-0.9728849894019439,-0.535000029857256,1.8618871854075292,-0.7698100020855277,0.02866062229864249,NA,NA,NA,-0.4655708074574357,-0.4504065265771583,-0.5834278649366221,-0.7650188952317194,0.714151066358103,-0.2248244939330701,0.06984119294105753,-0.2248244939330701,0.543938013678903
439800,Wheeler Lake,Northern Lakes and Forests,Forest Transition,040301040204,45.31857896,-88.4828844999999,1.0638223966412037,1.1355793708820183,1.0903274018358156,0.20946591393733183,0.11410225619275086,1.099868050375182,-0.3590760390953842,0.3519736337001782,-0.7180953750098047,1.1727364923296715,0.6150673386908482,-0.7321241396847364,-1.1909913245150368,-0.6727812538461333,-0.9728849894019439,-0.535000029857256,1.1857274735678103,0.10288015299252327,0.7223554849597511,NA,NA,NA,0.18479494751790967,0.1826012090611657,-0.10663963618661554,-0.7650188952317194,-0.37553559026529404,-2.296150064597156,0.6138331939883926,-2.296150064597156,-0.4443043956394885
969600,Bass Lake,Northern Lakes and Forests,North Central Forest,070700020301,45.4235706999999,-89.4901265999999,0.1254413292546174,0.8183826063706569,0.2348478310407708,0.5026121154950003,NA,0.6700068038231759,-0.9143267098531348,0.603621442070011,0.3354972234029584,-0.9612814980317524,1.9528470225121584,-0.7321241396847364,0.09231180560399017,0.7963946562300762,-0.3467304667693524,-0.535000029857256,0.4225526136234889,-0.7698100020855277,-1.03960784435524,-0.7121034903923705,-0.5480717902605087,1.502719493584686,1.5049482254939621,1.5061221026903628,0.8509621933443899,-0.7650188952317194,0.4135413685809288,1.8576147266696639,1.508258693819816,1.8576147266696639,0.2713135393035512
2901100,Bass Lake,Northern Lakes and Forests,Northwest Sands,040103020603,46.44147762,-91.26341229,-0.13619797268775144,-0.39876041443536975,-0.03371579627837484,0.5026121154950003,0.11410225619275086,-0.3290453924809514,0.8220452965900765,-1.2551858214453817,0.13178723490187988,-0.46152118841057554,-1.8747455820787247,1.242723861705723,0.4264698250156956,2.0841235694736344,1.2215829452714777,-0.535000029857256,-0.27177124409321834,-0.7698100020855277,-1.1183107305278501,NA,NA,NA,-0.37663712644288144,-0.35980852941681896,0.3815939103108512,-0.7650188952317194,0.40378909461945056,0.7713394553668633,0.24406056393080713,0.7713394553668633,0.4315469882716482
2694e3,Whitefish Lake,Northern Lakes and Forests,Northwest Sands,070300020309,46.2032753599999,-91.8757425999999,2.1222315315548452,1.639299610689648,1.8658196393439423,1.7329316066858835,1.4570316108573398,1.7018062522350852,0.8220452965900765,0.3693015374025945,-1.8510186555218764,1.380390919718185,-0.48716413262901,0.7142716056834778,-0.5782736089206618,2.657569600010002,1.2344171978494034,-0.535000029857256,-1.2999428109194766,-0.7698100020855277,-0.4709882842469357,NA,NA,NA,-0.4240018664221985,-0.4104582053486256,-0.3668979328380444,-0.7650188952317194,-0.3449588194252366,-0.6864556970609808,-0.46341801535753063,-0.6864556970609808,-0.44251906618800607
586800,Imogene Lake,Northern Lakes and Forests,North Central Forest,040301060301,45.99,-89.03,-0.40987441152911075,-0.5294687001154674,-0.33330430885979745,0.4347833469562226,NA,-0.4628535318131537,-1.7683775141718845,-0.21236344140539007,0.8692518779694903,-0.8987853477914721,0.2799882902008233,-0.7321241396847364,0.5694373057927747,-0.6727812538461333,0.9791150289551593,-0.2576862039400368,0.3842318924025112,-0.7698100020855277,-1.3010534084947962,NA,NA,NA,1.5806013117134445,1.5824262207581234,-0.545316662150557,-0.7650188952317194,1.4131868500659894,1.980758320993472,2.343432817960525,1.980758320993472,1.1778971457764549
2478200,Long Lake,North Central Hardwood Forests,Forest Transition,070300050801,45.45378195,-92.51327894,1.036033450109844,1.1078206678013611,1.067456950518395,-0.8183030310125459,-0.6347150158133962,1.1770537644847134,-0.3791104156921501,1.0777748203057165,-0.2924752490586124,-1.1646897204923305,0.9080928482144438,0.6574643185223846,0.8207650268518396,0.7418378024564031,-0.26967617413059525,1.066480820682273,-0.6223283651629652,-0.4428100354223415,0.7757832500774037,NA,NA,NA,0.0067909378489723424,0.018103222708956826,0.21240422763937386,-0.7650188952317194,-0.2793223327616318,0.384988293965672,-0.7205056270320604,0.384988293965672,-0.35704809968885276
1005800,Moon Lake,Northern Lakes and Forests,Northern Highland,070700010403,45.9177303499999,-89.4348609999999,0.32724727197331105,0.05747239086337197,0.435955035602767,0.39961847955129975,0.38821052743152795,0.11996634877202197,0.8220452965900765,0.10465763388453328,0.26388249106082623,-0.14056091063352086,-0.9652995908283902,-0.7321241396847364,-1.2097132528068908,-0.6727812538461333,1.6878675278788173,-0.535000029857256,1.0374733262843296,0.1416753893061357,0.11219216896288546,-0.43498454351467447,-0.42133087889299514,-0.25991934163459907,1.2632178078487304,1.2688748232330742,-0.8471923015232451,0.9880001582063944,-0.04890335458498844,-0.38488910490934297,-1.2379570987315205,-0.38488910490934297,-0.1331362232996776
189800,Lake Emily,North Central Hardwood Forests,Central Sand Hills,040302021802,44.46775129,-89.3278918999999,0.1413894278322775,0.5838480397162746,0.25296010199288244,0.24958050736233697,0.25734788970374434,0.6352501590378212,0.8254844604728878,0.818250709971836,-0.24669606378062608,-0.16590618779786406,-0.0833482770321766,1.0911644370868556,0.11840898792070947,0.9239229778341864,-1.215206476807318,3.577641524825126,-0.9536150434014894,1.1859797480759828,1.0777045919832133,NA,NA,NA,-0.1915974271129249,-0.19179425759975904,-0.48854226857098343,-0.7650188952317194,0.5248748223354022,0.7013608283335331,0.6456999156318088,0.7013608283335331,0.3830472228361293
8900,Forest Lake,Southeastern Wisconsin Till Plains,Southeast Glacial Plains,040400030206,43.6088845,-88.1673186,-0.5816408653525327,-0.5466098324818234,-0.5314250397634978,0.08186693276650887,-0.6347150158133962,-0.5009682493760695,0.23335289539584542,0.29368888102169166,2.4537854937775743,0.08589381239291602,1.2553511340979102,-0.7321241396847364,0.5892938056323612,-0.6727812538461333,-1.3131297953814416,-0.535000029857256,0.3192546229383589,-0.06591453071128284,0.9657343763512032,1.5756341200368518,1.5149711637009826,-1.2181907323469272,-0.5526677689981553,-0.5385251505952413,-0.5342699402039823,1.0592158365926556,0.6258836259674015,-0.37764589842881857,1.0439470729603557,-0.37764589842881857,0.4638878199595709
740400,Booth Lake,Southeastern Wisconsin Till Plains,Southeast Glacial Plains,071200060203,42.80001387,-88.4300968999999,0.230659038853772,-0.04560741532677279,0.33781295825781976,-0.32767715137979253,-0.41410909714973093,-0.09642834613092895,0.4056161866949853,2.1713995055398585,0.160415602396043,-0.2331956130668091,-0.5039153341951853,1.8395909159895918,-0.2537602249083746,-0.6727812538461333,-1.1318951720949535,0.5283243315769217,0.2965476178011171,1.2577033834085483,1.2098029203892198,1.7435846398383723,1.6720104398707742,-1.2652775447264568,-1.5568834928163617,-1.5473628110188375,-0.7437700007516256,-0.7650188952317194,-0.21297868206650525,-3.8847883322216137,-0.6807170923014442,-3.8847883322216137,-0.2968807031190066
1887500,Two Island Lake -- Access at East Side Of Lake Nr 146th And 145th St,Northern Lakes and Forests,North Central Forest,070500010902,45.2357749999999,-91.392746,-1.102068699480558,-0.7350135648357288,-1.202754362522397,0.3265732195981885,NA,-1.0276751719535993,-1.3816463348866899,0.35669945426011723,0.33452416294730775,-0.2149280461645586,1.2744709712151132,-0.7321241396847364,1.9888998917047656,-0.6727812538461333,-0.36866024518890156,-0.535000029857256,-1.7688620890574125,-0.7698100020855277,-1.2516331493443575,NA,NA,NA,-0.15691754404567396,-0.1407005441194383,-0.06341305690245581,-0.7650188952317194,-6.272253737990437,0.37052249999795117,-0.14819863985200335,0.37052249999795117,-5.792068281669491
184500,Deep Hole Lake,Northern Lakes and Forests,North Central Forest,040302020201,45.45635329,-88.9042788999999,0.02492642198918405,-0.2458752264743913,0.1272578702661815,-0.9962533151143173,NA,-0.17959736202145188,-0.9143267098531348,-0.7262921839410499,0.5425946861992297,-0.14688256009986375,-0.6567162050255786,-0.7321241396847364,1.3546236374032334,-0.6727812538461333,-1.3131297953814416,-0.535000029857256,0.2956521589007727,0.41192168269832274,-0.8096690468465121,NA,NA,NA,1.2469001921797433,1.2531196968393055,1.0282183629876702,-0.7650188952317194,0.9190184587902341,0.8055260998144278,0.22503811787905798,0.8055260998144278,0.7297333010280779
418700,Boot Lake,Northern Lakes and Forests,Forest Transition,040301040101,45.27163496,-88.6331617999999,0.8711246209000421,0.8708520538792413,0.9287827131764896,0.3265732195981885,0.6193092230002094,0.9160551618636439,-0.3590760390953842,1.3695918868367247,-5.695489150715624,-0.14056091063352086,0.5224746497219515,0.9687383723096791,0.19726798517077015,-0.6727812538461333,-0.8446121390539454,-0.535000029857256,0.8351588090498314,0.1867193582516065,0.6302750215316875,NA,NA,NA,0.5503515667877179,0.5120842996708879,0.09446253797397897,1.4128158602544563,-0.6350820706644038,-1.9525298311722998,-0.9203632480219185,-1.9525298311722998,-0.9696195041131264
981500,Duck Lake,Northern Lakes and Forests,North Central Forest,070700021201,45.38072111,-89.2473984599999,0.24423412166208333,0.3478673742096907,0.35374110174535917,-0.6601029886434414,NA,0.19454212859631584,-0.4764084870558953,-1.2276188039527225,0.3080290572066216,-0.273243225543096,1.0732344986709839,-0.7321241396847364,-1.5648625478451332,0.5308277667332633,1.0255634682170642,-0.535000029857256,1.1838454690282054,-0.101685256076992,-1.1183107305278501,-0.6306589199129538,-0.6426488272005277,0.18932546279727178,1.4632544463115171,1.4659689756126237,-0.42487526751130716,1.3368617779239065,0.4786706662369968,0.4048828859285616,0.6866027785810159,0.4048828859285616,0.33037963288341565
741500,Pleasant Lake,Southeastern Wisconsin Till Plains,Southeast Glacial Plains,071200060501,42.79084599,-88.5564895899999,0.4292685460165546,0.45753127651937314,0.529258432777798,-0.058289166411434605,-0.41410909714973093,0.44247606640878007,0.4056161866949853,1.259717356293722,0.14436080170941132,0.6448170389179508,-1.1094101799808798,1.2409051436746257,-0.7087598382097079,-0.6727812538461333,-0.5064863859995733,0.7077029852657291,0.923275483239332,1.281059909631698,1.4547294146976726,NA,NA,NA,-1.1820768827367505,-1.173789745558319,0.6789411084740289,1.3473837094976644,0.1742089072151646,0.1837597497440369,0.041443098524665725,0.1837597497440369,0.0542617044383785
741600,Rockland Lake,Southeastern Wisconsin Till Plains,Southeast Glacial Plains,071200060707,42.6761283,-88.2492572,-0.6930801752142809,-0.7896238269467782,-0.6741184542287364,-0.10824735823187967,-0.8863684209778933,-0.7405487905485059,0.4056161866949853,-0.7341684859050982,0.3805725649522752,-2.640542152449499,0.7844590214158716,0.7611874210986688,-1.132556175284857,-0.6727812538461333,-0.6432774371371438,1.3827558497844754,1.5689340496625992,0.49925246407709434,1.7200878854796844,NA,NA,NA,-1.9403351749479603,-1.9312999088337075,-0.9381707201510611,1.6472525954623773,0.27958512830936927,0.10203687517625612,-0.8930986665026996,0.10203687517625612,0.14982793899400162
2092500,Axhandle Lake,Northern Lakes and Forests,North Central Forest,070500070404,45.2807953,-91.4854390999999,-0.0717821622067814,0.6222792373564086,0.027383172095489662,1.2564368818593037,0.6193092230002094,0.44934282888066507,-1.3816463348866899,0.9159167361815053,-0.1145863219837111,-0.05924323465342583,0.14472493326645852,-0.7321241396847364,1.6672230103148613,-0.6727812538461333,-0.012966012477796225,-0.535000029857256,-0.38439835605984596,-0.7698100020855277,-0.9360833741351586,NA,NA,NA,-0.17190834799333782,-0.15589106764061292,0.7124684162902905,1.6742592633399915,1.5086418968124726,0.0669085304437887,0.013039717000015931,0.0669085304437887,1.2644658165085094
194800,Oak Lake,Northern Lakes and Forests,North Central Forest,040302020201,45.473297,-88.9398352999999,-0.5857192965889941,-0.9807634054476762,-0.5537699748949829,0.6292898940284853,NA,-0.9211195864532387,-0.9143267098531348,-1.2622744538315152,0.922226859946517,-0.24830179141158068,-1.8747455820787247,-0.7321241396847364,3.017471132256601,-0.6727812538461333,-1.3131297953814416,-0.535000029857256,-1.7688620890574125,-0.7698100020855277,-1.0027832266073067,NA,NA,NA,1.3045285901359938,1.3100768778659602,0.37052914126002656,-0.7650188952317194,1.296367538088639,1.5248226814727939,2.4797913860016427,1.5248226814727939,1.478493463113025
779200,Pine Lake,Southeastern Wisconsin Till Plains,Southeast Glacial Plains,070900010502,43.1250069999999,-88.3903743999999,1.9521616490190545,1.715185395200242,1.7542333539648747,1.4732225118406372,1.8666050022383691,1.7062448964422667,0.4056161866949853,-0.002066218346811203,0.4229189525123671,0.5465477445425212,-0.2623923537740772,1.1183339963275611,-0.19532507567819477,0.24033023394157457,-0.21684452124602202,-0.352564126830882,0.8123034214770694,-0.26383994394673893,1.3023464689363582,NA,NA,NA,-1.0383598748238971,-1.0397564456329715,0.7829814627979025,1.485858855612185,-0.24593426427082538,-0.6028147687484663,0.7716235820148508,-0.6028147687484663,0.3420725946073158
985100,Fish Lake,Driftless Area,Central Sand Hills,070700050303,43.28387815,-89.6542885,0.7297137816022771,0.40050940262418133,0.8076103629446998,1.0237997946287098,NA,0.43619488825248776,-1.5543355440855406,-0.539623748630086,0.1717611929374778,2.6272524959590657,1.275529834370187,1.1820088554418342,-0.19305580776987386,-0.6727812538461333,-1.3131297953814416,1.0478157640037757,-1.7688620890574125,-0.7698100020855277,1.1180701086003564,NA,NA,NA,-1.3026711581462196,-1.2856409755925011,3.05008671497164,-0.7650188952317194,-0.698739158464329,-1.9645714159905578,-1.3656164273619853,-1.9645714159905578,-0.7374193668065654
182100,Hills Lake,North Central Hardwood Forests,Central Sand Hills,040302022002,44.1508117699999,-89.1578946,0.28327597521657955,0.4541892279847148,0.3921953778728749,-0.4515108862431503,-0.41410909714973093,0.5027296683950913,0.8806245311653489,0.5461244771139683,0.19405475787777793,0.4646273770163661,0.5029688278460587,-0.7321241396847364,-0.3309172967570968,0.7302897226620415,0.15453906739549028,-0.535000029857256,0.6440017331307157,-0.7698100020855277,0.9289655486561507,1.4617904431089876,1.4133171071443407,-1.1700235846677982,-1.2216937328138007,-1.2174357376774607,-0.27251861226412333,-0.7650188952317194,-0.037313873127032736,-0.2911291507291837,0.44061884911848587,-0.2911291507291837,-0.13756938828953968
103100,Twin Lakes,North Central Hardwood Forests,Central Sand Hills,040302010302,43.9083081799999,-89.5854013999999,-1.9108195720144496,-1.9564230320360207,-2.2776793947546703,-1.5718862688504411,NA,-1.912673270921859,0.8806245311653489,0.9651436234568069,0.5089522928891865,1.6353880198174306,0.21582307566973238,-0.7321241396847364,-0.3048200066474572,-0.6727812538461333,0.09820429323490733,0.10008430351159035,-0.2340457553452475,1.5213850148487644,0.9465349992566356,NA,NA,NA,-0.8549432629385013,-0.8429100046376864,-0.053783756951315334,-0.7650188952317194,0.517494828620109,-0.23511078061770074,0.39531240242619836,-0.23511078061770074,0.3655894645722288
774400,Beaver Lake,Southeastern Wisconsin Till Plains,Southeast Glacial Plains,070900010502,43.12361845,-88.3614847999999,1.1673654017329826,0.8886635260584139,1.1744792094910221,0.6886413842443423,0.11410225619275086,0.9777985029660821,0.3869785330370874,0.7166464540171232,0.14737443460186098,0.3989860962485737,0.11825040438828405,1.7371922063248573,-1.1558167755528308,-0.6727812538461333,-0.6456687879813322,0.5310946213925839,0.9366574199034436,0.10852462468401948,1.5598788836314164,NA,NA,NA,-1.036054002159747,-1.0297817190893512,1.11737196513074,1.485858855612185,-1.3579239544525288,-1.9504198393200793,-0.6458427782867804,-1.9504198393200793,-0.9689077332413119
2462200,East Eightmile Lake,Northern Lakes and Forests,Northwest Sands,070300010101,46.41605547,-91.4624125999999,-1.0270352202366595,-1.126810937040722,-1.080545920514166,-0.32767715137979253,-0.8863684209778933,-1.087118590274205,0.8220452965900765,0.8820486377360975,-2.197994617084281,-0.9272841848993192,-0.6299727488188932,1.5358630637254076,2.098962278647243,-0.6727812538461333,0.705601391679089,-0.535000029857256,-1.1001951658391973,-0.7698100020855277,-0.14025144319007535,-0.013839574003981397,0.40798214384370274,0.9075954416511564,0.0936555915413934,0.10138524797595869,0.5016615728945822,-0.7650188952317194,-0.8033406224144037,0.48258915290488785,0.4763185960364286,0.48258915290488785,-0.8322829701405453
425600,Paya Lake,Northern Lakes and Forests,Forest Transition,040301040103,45.27601723,-88.4847868699999,0.11849241627097477,-0.15810615474062303,0.22563616274000817,0.39961847955129975,0.7220906772513888,-0.09141318997288685,-0.3590760390953842,0.8458176487014756,0.7798468614231309,1.7056213012421335,1.681518268416117,-0.7321241396847364,-0.8948444474609056,-0.6727812538461333,-1.3131297953814416,0.7219104645661303,0.361344902849173,-0.7698100020855277,0.8425358554117314,NA,NA,NA,0.100520640044815,0.05525628180710249,0.08304212122926918,-0.7650188952317194,-1.0780530205784868,1.0946844148100123,1.3495102431270465,1.0946844148100123,-1.0814210508733562
417400,Archibald Lake,Northern Lakes and Forests,Forest Transition,040301040202,45.28299922,-88.5866448999999,1.382039394145532,1.6914462881260326,1.3439035658637262,0.7174150552802402,0.6193092230002094,1.537941437930134,-0.3590760390953842,0.43428102860599277,-0.49876355075747303,0.2600558842764837,0.5085580485508451,-0.7321241396847364,-0.8744205427079089,-0.057080018375127134,-0.8312952856384147,-0.535000029857256,1.3483980389800148,-0.15116381679968974,0.8445322821911406,NA,NA,NA,0.4813817327654909,0.4367350005694851,0.42573679731954445,1.165992998178861,0.9575034064768357,0.1381628734545172,-1.3323330886211673,0.1381628734545172,0.7646354971714631
181800,Bass Lake,North Central Hardwood Forests,Northeast Sands,040302020602,44.8708212,-88.5009368999999,-0.1302051411839453,-0.47065083432171523,-0.03371579627837484,-0.32767715137979253,NA,-0.3961419996299276,1.6123012164460884,-0.7203849180865038,0.2740487062829814,-0.01507964071789703,-1.8747455820787247,-0.7321241396847364,1.1174791953531489,-0.6727812538461333,-0.47139094016316313,1.2937127034429179,-0.13672636474168354,-0.7698100020855277,0.3074197334020642,0.6807413086666557,0.7856149141666765,-0.5625483733740778,-1.4140913856208668,-1.3987365470082527,-1.4598040974494269,-0.7650188952317194,-0.11035571362577665,-0.23908856891961325,-0.32744427392317793,-0.23908856891961325,-0.20381140749458468
418300,Berry Lake,North Central Hardwood Forests,Northeast Sands,040301040501,44.8875,-88.4722222,0.7790703876140436,0.8164683419630155,0.8490674794742851,-0.16002024551261812,-1.5190199853514479,0.8037111146270531,1.559270905768922,-0.640440413769904,0.23327933064957082,-2.886294940619096,0.9579313185103163,1.455053659538339,-1.0622071284202494,-0.6727812538461333,-1.3131297953814416,1.4900961039009382,0.6786586945133785,3.108611813142425,0.6349907251293434,NA,NA,NA,-1.3730924921482077,-1.356936749749554,-0.42455320489040665,0.6610872845581928,-0.08356496875236231,0.5301533489755477,-0.35459445076545504,0.5301533489755477,-0.17951474377000765
195900,Pickerel Lake,North Central Hardwood Forests,Central Sand Hills,040302021805,44.3160860799999,-89.3231720999999,-0.8209684080156923,-0.8603791715632431,-0.8415385074945853,-0.9045067510357675,NA,-0.7976557371848504,0.8806245311653489,1.538144551959809,-0.48129265504943003,0.563664453266705,0.43053169470719216,-0.7321241396847364,-0.4631054514474813,1.224444595738646,-0.24975169785439458,-0.535000029857256,0.7608600732599788,-0.7698100020855277,0.8875991610841363,NA,NA,NA,-0.25855020807219276,-0.30968798597478314,1.3755462105462033,1.5612067285553042,0.7227313781117595,1.226864452643623,0.8214979213828274,1.226864452643623,0.7624374770959428
181900,Bear Lake,North Central Hardwood Forests,Central Sand Hills,040302021804,44.4338612,-89.3948379999999,-1.1006320767811537,-0.9950019721862146,-1.202754362522397,0.24958050736233697,-1.9287645002303877,-1.1316882447593102,-0.782038900312579,0.032983404156223285,0.3452192133381636,-1.2398283006883013,-0.34882381548003344,-0.7321241396847364,0.6511329134581384,0.6466753800293553,0.052672161868673205,4.162800001037907,-1.7688620890574125,-0.7698100020855277,0.3834332468311316,NA,NA,NA,-0.13379582228011952,-0.1505543159149678,0.8916956028957221,-0.7650188952317194,0.25084225413052513,0.366667549726801,0.6482935581593822,0.366667549726801,0.12376087920522309
2461100,Devils Lake,Northern Lakes and Forests,Northwest Sands,070300010504,45.8977239999999,-92.3429713999999,2.255529439039519,1.2088149543149713,1.9512024196838949,-0.32767715137979253,-0.043648454493642186,1.3027007682799083,-0.8566073267600964,-0.2993966568711434,-1.231799909554773,0.28970664059624024,0.3897884416807443,0.5854490265398101,-0.36665910879992275,0.9791324022543965,1.7235583203674276,-0.40226316357693453,-1.019080023884744,0.184127234174105,0.03955338263858671,NA,NA,NA,-0.7377413046026815,-0.7217504548321992,0.04859389118801158,1.3602239706710408,-0.754053655964569,0.012973506951293215,0.7735088104530804,0.012973506951293215,0.3431187013233171
191100,Long Lake,North Central Hardwood Forests,Central Sand Hills,040302022001,44.2157222,-89.1207222,0.9664223292637077,1.140591490153806,1.0097116347058595,1.2168676289230398,NA,1.2302983775738838,0.8806245311653489,1.2297873300673192,-0.05133548759936139,0.9817198751397093,-0.3684489911808439,-0.7321241396847364,-0.0654062966890515,-0.26906386308233315,-0.51650333830031,0.6787990528905685,0.513128958054534,0.46545128578581135,0.9860509059120021,NA,NA,NA,-1.2088897190139738,-1.20545591176137,1.094763882742667,-0.7650188952317194,0.2884153425285399,-0.3276497016809156,0.20244200745936924,-0.3276497016809156,-0.25438396818901293
2630100,Horseshoe Lake,North Central Hardwood Forests,Forest Transition,070300050706,45.4429451099999,-92.1588151899999,1.3965545409880282,2.020376011723896,1.3550444320873176,0.9040370841404077,0.7220906772513888,2.0063576188219776,-1.4562575277164258,-0.12060460228724736,-0.24938887605428958,-1.1507158239036432,-0.0485268291019758,0.19594688879564046,1.2859766180595735,0.7759387117806467,0.11192525091279644,-0.07379191343003254,-0.8631131930735623,1.798372882186015,-0.2539771723139279,NA,NA,NA,0.24494724162187273,0.25836135808347394,0.06933054566542099,-0.7650188952317194,0.2788306447053608,-1.113398302317579,-1.3610284893161408,-1.113398302317579,-0.5487437581761674
1012500,Plainfield Lake,North Central Hardwood Forests,Central Sand Hills,070700030501,44.20552876,-89.4717864999999,-1.1031032117099544,-0.9909126117446588,-1.202754362522397,-1.3132434377814863,NA,-1.0725515716892728,1.326336172373732,0.4291614323293611,0.11413855931447975,0.474715870399699,0.13648864688924384,-0.7321241396847364,1.0006088968927889,-0.6727812538461333,-1.3131297953814416,1.0289313106702695,-0.8205677048875307,1.7688561337223825,0.7369927538425184,NA,NA,NA,-0.16465341364694702,-0.1486719085471805,-0.006760988482219591,-0.7650188952317194,-0.16106649655764568,-0.35706187320491445,-0.44327303490386893,-0.35706187320491445,-0.2498012762319901
2493900,Round Lake,Northern Lakes and Forests,Northwest Sands,070300010204,46.2282750899999,-91.936299,-0.9839800124117011,-1.4363848354250335,-1.0427909178682517,1.3138034477551161,1.3411486997092261,-1.381466949899685,0.8220452965900765,1.9142379313616043,-3.515806772309709,-0.026333417535247296,-1.8747455820787247,1.4308685981516809,0.2108840294656885,2.5378915232727404,1.5572081757632454,-0.535000029857256,-1.7688620890574125,-0.7698100020855277,-0.96745952423184145,-0.5798132837100024,-0.3750775058268169,0.9838753551501952,-0.4182281743848201,-0.40205187452610486,-0.7796171180101448,-0.7650188952317194,-0.08915404519290526,0.38222148808719114,-0.016072970341167708,0.38222148808719114,-0.18458350581632105
985e3,Fish Lake (Hancock),North Central Hardwood Forests,Central Sand Hills,070700030501,44.1188627,-89.4776209999999,0.5453772808213126,0.8888406975489684,0.6397542679949054,0.2885967678401635,NA,0.9796172776752253,0.8806245311653489,1.4530806482741268,-0.10390741923539046,0.6012876631701398,-0.3509921197062592,1.2316232894994508,-0.8125814405554433,1.0563351143876467,-0.6267655793781786,1.942258246489874,0.40730479811194054,1.4580809960842507,1.0773936313242094,NA,NA,NA,-0.28190086370377715,-0.269180310137606,0.8493876251906084,-0.7650188952317194,0.5265125121199262,0.7037120376884308,-0.47217562689842185,0.7037120376884308,0.3737676479189393
197600,Round Lake,North Central Hardwood Forests,Northeast Sands,040302020702,44.8910962,-88.5639929,-0.5767154369813641,-0.9529881537708258,-0.5314250397634978,0.2885967678401635,NA,-0.9666662413478009,1.6123012164460884,-0.7006941631763831,0.09829322027397241,1.155940838171571,0.3121329294737465,-0.7321241396847364,0.08720581948744562,-0.6727812538461333,-1.3131297953814416,-0.535000029857256,0.2722314676924809,-0.7698100020855277,0.6999250088877019,1.1294690169254589,1.2759371754253976,-0.46294306117814854,-1.3790850093149203,-1.3631093425248322,-0.7454449109644687,-0.7650188952317194,-0.5623373757715748,-1.075529152331441,-1.5867201121479992,-1.075529152331441,-0.626682834458104
