"","WiscID","LakeName","WBIC","HUC12_CODE","mean_ann_wdrl_gals","slope2","slope3","slope4","slope5","slopenearest"
"1",779,"Little McGraw Lake",2477000,"070300011202",NA,0.00960219503883324,0.00210118000028367,0.0116109444001151,0.00210118000028367,0.00960219503883324
"2",798,"Perch Lake",2488300,"070300050908",NA,-0.00709769413727282,-0.00692271292402791,-0.00431686463668372,-0.00692271292402791,0.00170069263018234
"3",967,"Half Moon lake",2762700,"040103010804",24081875,0.0118088314968587,0.00848179868074088,0.00529549682793916,0.00848179868074088,0.0118088314968587
"4",973,"Moon Lake",2768900,"040103010804",24081875,0.00634457759184187,0.00713506352578276,0.00485155842410244,0.00713506352578276,0.00634457759184187
"5",975,"Perch Lake",2770800,"040103010804",24081875,0.00411685951476344,0.00638078168972387,0.00445220430252016,0.00638078168972387,0.00411685951476344
"6",959,"Ahmeek Lake",2753900,"040103010804",24081875,0.00479102359875168,0.0055286375603165,0.00626401722358027,0.0055286375603165,0.00479102359875168
"7",970,"Long Lake",2767100,"040103010801",NA,0.00756283471926974,0.00890397201195186,0.00787846036252785,0.00890397201195186,0.00756283471926974
"8",962,"Deep Lake",2760100,"040103010803",NA,0.00390974974686237,0.00764434662282385,0.0063764312074439,0.00764434662282385,0.00390974974686237
"9",983,"Steele Lake",2866000,"040103010701",NA,-0.00130292023991289,0.00272088864028106,-0.000735550037645154,0.00272088864028106,-0.00130292023991289
"10",977,"Rush Lake",2772800,"040103010703",1036800,0.00805237114989763,0.0110148083861382,0.00769180535417802,0.0110148083861382,0.0110148083861382
"11",972,"Lost Lake",2767600,"040103020602",39045337.5,0.000368846992898633,0.00568327204345686,0.00409310188503536,0.00568327204345686,0.000368846992898633
"12",965,"Five Island Lake",2761900,"040103020602",39045337.5,-0.00232015220768334,0.00303114990320502,0.00289013311678817,0.00303114990320502,-0.00232015220768334
"13",976,"Phantom Lake - Staff Gage",2771200,"040103020602",39045337.5,0.0124362298100108,0.00718395260463126,0.00255213915000696,0.00718395260463126,0.0124362298100108
"14",746,"East Eightmile Lake",2462200,"070300010101",NA,-0.00154497647272441,0.0040453413653381,0.00371031047104301,0.0040453413653381,-0.00154497647272441
"15",842,"Wilderness Lake",2600500,"070300010101",NA,9.82038651114179e-05,0.00635564870072241,0.00431513883586281,0.00635564870072241,9.82038651114179e-05
"16",771,"Kelly Lake",2472000,"070300010101",NA,-0.00285442149946943,-0.00445000906464708,-0.00167619749669437,-0.00445000906464708,-0.00285442149946943
"17",802,"Pigeon Lake",2489400,"070300010101",NA,-0.00783053839885677,0.00379833364409605,-0.00244315102745566,0.00379833364409605,-0.00783053839885677
"18",731,"Blue Lake",2454000,"070300010102",NA,0.000800969131492811,0.00504027102329171,0.00361632273371598,0.00504027102329171,0.000800969131492811
"19",767,"Island lake",2470800,"070300010102",NA,0.0017259236393682,0.00500423946875151,0.00367536567984157,0.00500423946875151,0.0017259236393682
"20",784,"Loon Lake",2479000,"070300010102",NA,0.000991190013810114,0.00461492280200598,0.00314052224615164,0.00461492280200598,0.000991190013810114
"21",755,"Geroge Lake",2465700,"070300010102",NA,0.00105510555267266,0.00427612724024258,0.00313438411974074,0.00427612724024258,0.00105510555267266
"22",749,"Ellison Lake",2463300,"070300010102",NA,0.000761988904564818,0.00202253956500104,0.0021604534796858,0.00202253956500104,0.000761988904564818
"23",814,"Sand Bar Lake",2494900,"070300010102",NA,0.00170058163820067,0.00193457916414702,0.00293935691534562,0.00193457916414702,0.00170058163820067
"24",833,"Tomahawk Lake",2501700,"070300010102",NA,0.00208472834995795,-0.00387616363862249,0.00291880133935939,-0.00387616363862249,0.00208472834995795
"25",768,"Island Lake",2470900,"070300010103",NA,-0.00236513522294893,0.00589336112734029,0.00589336112734029,0.00589336112734029,-0.00236513522294893
"26",747,"East Twin Lake",2462400,"070300010103",NA,0.00126038305849197,0.00470390993217206,0.00422886383903619,0.00470390993217206,0.00126038305849197
"27",839,"West Twin Lake",2599000,"070300010103",NA,0.00179132150084456,0.00466667961908826,0.00445669593825693,0.00466667961908826,0.00179132150084456
"28",727,"Beauregard Lake",2452400,"070300010103",NA,0.00643383118720867,0.00590480012002172,0.00365963371978794,0.00590480012002172,0.00643383118720867
"29",810,"Rock Lake",2492900,"070300010103",NA,0.00499890279821273,0.00509205930780095,0.00316757306388954,0.00509205930780095,0.00499890279821273
"30",823,"Simms Lake",2497100,"070300010103",NA,-0.000452716544207682,0.000217814517533482,0.00270728287513392,0.000217814517533482,-0.000452716544207682
"31",825,"Spider Lake",2498300,"070300010107",NA,0.00112511397695908,0.00310069616428752,0.00330733983057149,0.00310069616428752,0.00330733983057149
"32",816,"Sauntrys Pocket Lake",2495600,"070300010106",2132037.80357143,-0.00235142577231474,-0.00084424656999984,0.000463321810133059,-0.00084424656999984,-0.00235142577231474
"33",762,"Henderson lake",2468800,"070300010105",NA,0.00083584278593915,-0.00634498171788753,-0.00201913171454701,-0.00634498171788753,0.00083584278593915
"34",800,"Pickerel Lake",2489200,"070300010105",NA,0.00243384800245772,-0.0068705305273859,0.00189672413585974,-0.0068705305273859,0.00243384800245772
"35",760,"Hammil lake",2467900,"070300020102",NA,0.00119975137164835,0.00333770861735149,0.0031914149153941,0.00333770861735149,0.00119975137164835
"36",773,"Lake Wilipyro",2473600,"070300020102",NA,0.0031843054175519,0.00506515017881656,0.00431952476482084,0.00506515017881656,0.0031843054175519
"37",812,"Round Lake",2493900,"070300010204",NA,0.0015239214795481,0.00362023942010076,0.00225957298133576,0.00362023942010076,0.0015239214795481
"38",832,"Thorn Lake",2501300,"070300020304",NA,0.00318944420200985,0.000595750354360791,0.00176761165316151,0.000595750354360791,0.00318944420200985
"39",836,"Chain Lake",2598300,"070300020304",NA,0.00305874800910763,0.000710695705649538,0.00213525911870248,0.000710695705649538,0.00305874800910763
"40",724,"Bass Lake",2451700,"070300020309",NA,-0.000516987000056161,6.39536554445739e-05,0.00164039149056316,6.39536554445739e-05,6.39536554445739e-05
"41",834,"Two Mile Lake",2503500,"070300020309",NA,0.00252038179028849,0.000380976351893519,0.00270122634794941,0.000380976351893519,0.00252038179028849
"42",910,"Whitefish Lake",2694000,"070300020309",NA,0.000321492814193886,0.000194597479884489,0.0012122901075461,0.000194597479884489,0.000194597479884489
"43",909,"Whitefish Lake",2694000,"070300020309",NA,0.000439279040438586,0.000321518457754085,0.00104709336660479,0.000321518457754085,0.000321518457754085
"44",911,"Whitefish Lake - Water Level Gage (Reference Point 6)",2694000,"070300020309",NA,0.000434852761702107,0.000425886439758628,0.00114492423823141,0.000425886439758628,0.000425886439758628
"45",799,"Person Lake",2488600,"070300020309",NA,0.00235300430121668,0.00280146271949566,0.00248247133445506,0.00280146271949566,0.00235300430121668
"46",738,"Crystal Lake",2459700,"070300020309",NA,0.00172064164591586,0.00189531390587708,0.00214490511984573,0.00189531390587708,0.00172064164591586
"47",283,"Pleasant Lake",741500,"071200060501",22019497.9047619,0.00289909811764476,0.00283953215991917,0.00241159618935355,0.00283953215991917,0.00289909811764476
"48",284,"Pleasant Lake",741500,"071200060501",22019497.9047619,0.00346181715582131,0.00324084821406661,0.00229142653758788,0.00324084821406661,0.00346181715582131
"49",282,"North Lake",741200,"071200060401",NA,0.000727758534688582,0.00119261045535547,0.00306448549757314,0.00119261045535547,0.000727758534688582
"50",280,"Wandawega Lake",740700,"071200060403",3852498.16071429,0.0012579904033955,0.00402815426131546,0.00203998406677742,0.00402815426131546,0.00402815426131546
"51",285,"Rockland Lake",741600,"071200060707",267854156.25,0.00349173756069189,0.0025397534601074,0.000400436764828975,0.0025397534601074,0.00349173756069189
"52",286,"Rockland Lake",741600,"071200060707",267854156.25,-0.00170471641427839,0.000693569626229246,-0.000663146501867422,0.000693569626229246,-0.00170471641427839
"53",287,"Silver Lake",741700,"071200060402",158003729.77381,0.00429867483581093,0.00289384036519936,0.000442422946649062,0.00289384036519936,0.00289384036519936
"54",1026,"COYLE POND AT STAFF GAGE NEAR CROSS PLAINS, WI",5575273,"070900040202",NA,0.020996862883344,0.0156132676626294,0.0163829871579221,0.0156132676626294,0.020996862883344
"55",323,"Pretty Lake",779300,"070900020305",183815322.857143,0.0011572656689786,0.000491991721863261,0.00106646098447033,0.000491991721863261,0.0011572656689786
"56",340,"Red Cedar Lake",813100,"070900021003",NA,0.00152087001854346,0.00217373542302972,0.00331249241103874,0.00217373542302972,0.00152087001854346
"57",288,"Swift Lake",741800,"071200060202",NA,0.00392765886356259,0.00364438187629447,0.00189055091613736,0.00364438187629447,0.00392765886356259
"58",279,"Booth Lake",740400,"071200060203",NA,0.000926319685155698,-0.00369939199713347,0.00078044977101677,-0.00369939199713347,0.000926319685155698
"59",68,"Tuttle Lake",108200,"040302010704",NA,0.00248276622510939,0.00057971695146411,0.00286082877892594,0.00057971695146411,0.00286082877892594
"60",45,"Twin Lakes",103100,"040302010302",NA,0.00492648098033661,0.00142393513815921,0.00344703365625986,0.00142393513815921,0.00492648098033661
"61",69,"Twin Lakes",117000,"040302010302",NA,0.00429137379839384,0.00135843228900808,0.00325362233442058,0.00135843228900808,0.00429137379839384
"62",60,"Patrick Lake",106600,"040302010302",NA,0.00194495099798942,-0.000160877057341925,0.00227385107746325,-0.000160877057341925,0.00194495099798942
"63",61,"Patrick Lake",106600,"040302010302",NA,0.00194475653802279,-0.000164485402546159,0.00223245657569652,-0.000164485402546159,0.00194475653802279
"64",52,"Kilby Lake",104200,"040302010304",NA,0.000615773261939386,0.000523488768593758,-0.000635389193439236,0.000523488768593758,0.000927845713067716
"65",316,"Beaver Lake",774400,"070900010502",69805050.5595238,-0.00338573368773611,-0.00208655781693004,0.000846705481014022,-0.00208655781693004,-0.00208655781693004
"66",322,"Pine Lake",779200,"070900010502",69805050.5595238,0.000772253057914106,0.000402117462128171,0.00476330751542804,0.000402117462128171,0.00476330751542804
"67",326,"Tiedemans Pond",783740,"070900020604",NA,-0.00279268099112017,0.00561883672040837,0.00220529468022907,0.00561883672040837,0.00561883672040837
"68",327,"Strickers Pond",783750,"070900020604",NA,-0.0157758985169065,0.00634432942936657,0.00250179135924259,0.00634432942936657,-0.0157758985169065
"69",328,"Strickers Pond",783750,"070900020604",NA,-0.0156042877827849,0.00634208435341229,0.00250464520418604,0.00634208435341229,-0.0156042877827849
"70",366,"Graber Pond",873950,"070900020603",NA,0.00666824856997752,-0.000348752472631102,0.00201241088832154,-0.000348752472631102,0.00666824856997752
"71",324,"Silver Lake",779800,"070900010504",NA,0.000765771553498206,0.00137903726547147,0.00177422620466279,0.00137903726547147,0.000765771553498206
"72",321,"Middle Genesee Lake",778300,"070900020303",NA,0.00121125405809094,0.000855938797011557,0.00117832257857832,0.000855938797011557,0.000855938797011557
"73",320,"Middle Genesee Lake",778300,"070900020303",NA,0.00185368153005285,0.00142899398280734,0.00149986615177245,0.00142899398280734,0.00142899398280734
"74",315,"Bean Lake",774200,"070900011003",NA,0.000410217302669904,0.0036542844961514,0.000208186224770989,0.0036542844961514,0.0036542844961514
"75",365,"Morse Pond",872800,"070900040201",NA,-0.0063628871944982,0.00430090353312854,0.00448046308096953,0.00430090353312854,-0.0063628871944982
"76",364,"Goose Lake",872600,"070900040201",NA,0.000333710225948161,-0.0006622247518606,0.00158316657473994,-0.0006622247518606,0.000333710225948161
"77",24,"Round Lake",68600,"040301010302",379882821.916667,0.00542691609814497,0.0074047336125103,0.00296428005748613,0.0074047336125103,0.00542691609814497
"78",28,"Boot Lake",77600,"040301010302",379882821.916667,0.0082816788172118,0.00506048853000518,0.00252861076870604,0.00506048853000518,0.0082816788172118
"79",114,"Kusel Lake",189600,"040302022002",NA,0.000113625451506283,0.00142814673063415,0.00311806210384086,0.00142814673063415,0.00142814673063415
"80",134,"Round Lake",197300,"040302022002",NA,-0.000423049723122954,0.000810941959939954,0.003220873589527,0.000810941959939954,0.000810941959939954
"81",135,"Round Lake",197300,"040302022002",NA,-0.000423049723122954,0.000810941959939954,0.003220873589527,0.000810941959939954,0.000810941959939954
"82",100,"Hills Lake",182100,"040302022002",NA,0.00178314651718238,0.00125596918566671,0.00359299854101388,0.00125596918566671,0.00178314651718238
"83",99,"Hills Lake",182100,"040302022002",NA,0.00414971772043953,0.00168934815506239,0.00328916349273172,0.00168934815506239,0.00414971772043953
"84",118,"Napowan Lake",190200,"040302022002",NA,0.00423647483570553,0.00183768983789632,0.00317817192327148,0.00183768983789632,0.00423647483570553
"85",57,"Marl Lake",105800,"040302010801",NA,0.0064327630122166,0.00222305218918671,0.00299605556686008,0.00222305218918671,0.0064327630122166
"86",58,"Marl Lake",105800,"040302010801",NA,0.0064327630122166,0.00222305218918671,0.00299605556686008,0.00222305218918671,0.0064327630122166
"87",38,"Bean's Lake",101300,"040302022004",NA,0.00155138763508841,0.00560845515774503,0.00313310516770218,0.00560845515774503,0.00155138763508841
"88",130,"Pearl Lake",195400,"040302022004",NA,0.00178772042043651,-0.000103719336311176,0.00115750417336498,-0.000103719336311176,-0.000103719336311176
"89",23,"Bullhead Lake",68300,"040301010603",NA,-0.00244430617822826,0.000197335647845297,0.000583558464773272,0.000197335647845297,0.00194914526661706
"90",39,"Bing Lake",101600,"040302010703",NA,0.00464722278395484,0.00279022785899082,0.00244700637565695,0.00279022785899082,0.00464722278395484
"91",70,"Witters Lake",117400,"040302010803",NA,3.94025866275965e-05,0.00156648918719429,0.00130358339257662,0.00156648918719429,3.94025866275965e-05
"92",40,"Bughs Lake",102100,"040302010804",NA,-0.000653037333572679,-0.000544502985839234,0.00123911427109687,-0.000544502985839234,-0.000653037333572679
"93",49,"Irogami Lake",103900,"040302010804",NA,0.00125653242158798,-0.000246824768515234,0.00203415779733476,-0.000246824768515234,0.00125653242158798
"94",48,"Irogami Lake",103900,"040302010804",NA,0.00139749737333093,0.00331223924888917,0.00215567965236389,0.00331223924888917,0.00139749737333093
"95",67,"Big Silver Lake",107900,"040302010804",NA,0.000512976639824121,0.00306198049945406,0.00212263985620555,0.00306198049945406,0.000512976639824121
"96",44,"Deer Lake",102900,"040302010804",NA,0.00107813380361639,0.00215204202412803,0.002252329372163,0.00215204202412803,0.00107813380361639
"97",56,"Little Hills Lake",105200,"040302010804",NA,0.00159014268773232,0.00184196948979926,0.00224882149647898,0.00184196948979926,0.00159014268773232
"98",54,"Sharon Lake",104700,"040302010701",NA,0.00285054007311445,0.00274918413001963,0.00185829657183704,0.00274918413001963,0.00285054007311445
"99",55,"Sharon Lake",104700,"040302010701",NA,0.00285054007311445,0.00274918413001963,0.00185829657183704,0.00274918413001963,0.00285054007311445
"100",18,"Weyers Lake",49400,"040301010702",61654077.5,0.0170179532923724,0.00367326664217792,0.000852109597488854,0.00367326664217792,0.0170179532923724
"101",53,"Lucerne Lake",104600,"040302010805",121843480.652381,-0.000437511860500316,0.00309857971148317,0.0022808323184645,0.00309857971148317,0.00309857971148317
"102",62,"Pleasant Lake",106900,"040302010301",NA,0.00585546869317101,0.00415593317097578,0.00284635553659618,0.00415593317097578,0.00585546869317101
"103",73,"Wood Lake",117600,"040302010301",NA,0.00133216899075396,0.00423509555098741,0.00324198720206956,0.00423509555098741,0.00133216899075396
"104",64,"School Section Lake",107500,"040302010301",NA,0.00166507700595748,0.00408337722039754,0.00316626595901064,0.00408337722039754,0.00166507700595748
"105",21,"Pigeon Lake",64000,"040301010801",NA,0.00085805335004894,0.00322450180287959,0.00332214406231643,0.00322450180287959,0.00085805335004894
"106",20,"Spring Lake",63700,"040301010801",NA,0.00272768125895749,0.00789159499906476,0.00369916289771193,0.00789159499906476,0.00272768125895749
"107",16,"Cedar Lake",45100,"040301011105",86938598.547619,0.00371078877099704,0.00276391510176021,0.00331413022877451,0.00276391510176021,0.00371078877099704
"108",115,"Lake Emily",189800,"040302021802",NA,0.00497323451886296,0.00504872554611698,0.00429565703347263,0.00504872554611698,0.00504872554611698
"109",116,"Emily Lake",189800,"040302021802",NA,0.00376337542686045,0.00386950058344028,0.00397819190546348,0.00386950058344028,0.00386950058344028
"110",142,"Thomas Lake",200300,"040302021802",NA,0.00121248292076112,0.00230834783141751,0.000704866733445469,0.00230834783141751,0.00121248292076112
"111",139,"Silver Lake",198800,"040302021604",NA,-0.000677200336967818,0.00292836610065415,-0.000143163909136305,0.00292836610065415,-0.000143163909136305
"112",30,"Lily Lake",82900,"040301010203",NA,0.00703041166248621,0.00135341878911358,0.00678487444155278,0.00135341878911358,0.00703041166248621
"113",430,"Plainfield Lake",1012500,"070700030501",NA,0.00117321601566298,0.00106416905059726,0.00125469489248329,0.00106416905059726,0.00117321601566298
"114",405,"Lake Huron",994900,"070700030501",NA,0.00200227262104012,0.00374031321159747,0.00257830526800694,0.00374031321159747,0.00200227262104012
"115",428,"Pine Lake (Hancock)",1012000,"070700030501",NA,0.000240660287386942,0.00406543101018336,0.0013771871543229,0.00406543101018336,0.000240660287386942
"116",393,"Fish Lake (Hancock)",985000,"070700030501",NA,0.0049836285197657,0.0050601121598088,0.00119398523606544,0.0050601121598088,0.0049836285197657
"117",129,"Old Taylor Lake",195000,"040302021808",NA,0.00689548842605535,0.000509982623514264,-0.00244564471669659,0.000509982623514264,-0.00244564471669659
"118",131,"Pickerel Lake",195900,"040302021805",130778694.375,0.0062802110885519,0.00795485136698794,0.00495662880531954,0.00795485136698794,0.00795485136698794
"119",146,"Wolf Lake",241100,"040302021805",130778694.375,0.000651267204224617,0.0022676800724102,0.00393100547375022,0.0022676800724102,0.000651267204224617
"120",521,"WAZEE LAKE AT DEEP HOLE NEAR BLACK RIVER FALLS, WI",1670030,"070400071001",192739687.285714,0.0151897175140429,0.00484336618484041,0.00224037676062478,0.00484336618484041,0.0151897175140429
"121",103,"Twin Lake",182300,"040302022001",NA,-0.000391112449562011,0.000469284322042576,0.00216217452450809,0.000469284322042576,-0.000391112449562011
"122",132,"Pine Lake",196100,"040302022001",NA,0.000353202394731589,0.00124090982304393,0.00123793448708462,0.00124090982304393,0.000353202394731589
"123",143,"Little Twin Lake",200900,"040302022001",NA,0.00388573636480385,0.00565632597649203,0.00336706213836948,0.00565632597649203,0.00388573636480385
"124",111,"Gilbert Lake",186400,"040302022001",NA,0.000150996195891332,0.00173459108244869,0.000801553124036189,0.00173459108244869,0.000150996195891332
"125",121,"Long Lake",191100,"040302022001",NA,0.00354255662649009,0.00114895462287957,0.00286056719652529,0.00114895462287957,0.00114895462287957
"126",122,"Long Lake",191100,"040302022001",NA,0.00343782101673609,0.0013087161138988,0.00283609729056806,0.0013087161138988,0.0013087161138988
"127",123,"Long Lake (Saxeville)",191100,"040302022001",NA,0.00343782101673609,0.0013087161138988,0.00283609729056806,0.0013087161138988,0.0013087161138988
"128",124,"Loon Lake",191400,"040302020106",77552564.2857143,0.0053637943172197,0.000115130408196808,0.00210339391776783,0.000115130408196808,0.0053637943172197
"129",632,"Kettle Lake",2201400,"070500040106",NA,0.0104905542224251,0.0172598443458837,0.0172091357835817,0.0172598443458837,0.0104905542224251
"130",227,"Newton Lake",498800,"040301050302",29829,0.000547839210639316,0.000440874479200822,-0.00200861305672866,0.000440874479200822,0.000440874479200822
"131",232,"Little Newton Lake",502300,"040301050302",29829,8.74174281269357e-05,-0.00253325531451171,-0.00250791989473216,-0.00253325531451171,-0.00253325531451171
"132",370,"Ament Lake",968200,"070700020401",NA,0.00436298366149392,0.00910062590178154,0.00864499589102092,0.00910062590178154,0.00436298366149392
"133",94,"Arbutus Lake",181400,"040302020205",62133.3333333333,0.00343065771325076,0.00161497522061975,0.00384169110418439,0.00161497522061975,0.00343065771325076
"134",214,"Waubee Lake",439500,"040301040204",NA,0.00247990176244859,-0.000266031802829733,0.0040833758282242,-0.000266031802829733,0.0040833758282242
"135",216,"Wheeler Lake",439800,"040301040204",NA,0.000185919442703465,-0.00249868952870694,0.00418180229266894,-0.00249868952870694,0.000185919442703465
"136",215,"Wheeler Lake",439800,"040301040204",NA,0.000474145711171077,-0.00372309409851559,0.00386896387539301,-0.00372309409851559,0.000474145711171077
"137",217,"Wheeler Lake - Staff Gage",439800,"040301040204",NA,0.00699740540688495,-0.00403695751030674,0.00323353273944131,-0.00403695751030674,-0.00403695751030674
"138",460,"Copper Lake",1487800,"070700020302",10467956.25,-0.00517588278004669,0.00295962220784823,0.0048197851816842,0.00295962220784823,-0.00517588278004669
"139",386,"Duck Lake",981500,"070700021201",20171270.8809524,0.0046828104768051,0.00371437750090633,0.00444441788946188,0.00371437750090633,0.0046828104768051
"140",387,"Duck Lake - Staff Gage",981500,"070700021201",20171270.8809524,0.00417897988686735,0.00353794944650831,0.00432760097127315,0.00353794944650831,0.00417897988686735
"141",400,"Indian Lake",991900,"070700021201",20171270.8809524,0.00303594956659855,0.00396018961809617,0.00562257084441972,0.00396018961809617,0.00303594956659855
"142",427,"Pence Lake",1010100,"070700021201",20171270.8809524,0.00119330900567821,0.00308378930164606,0.00178036571404775,0.00308378930164606,0.00119330900567821
"143",401,"Kimball Lake",993800,"070700021201",20171270.8809524,-0.00169082818280117,0.00448425058559843,0.00485698486930488,0.00448425058559843,-0.00169082818280117
"144",423,"North Neva Lake",1007200,"070700021201",20171270.8809524,0.00528128557641032,0.00239804949960376,0.00199461190873554,0.00239804949960376,0.00528128557641032
"145",433,"South Neva Lake - Staff Gage",1015200,"070700021201",20171270.8809524,0.00430822983191381,0.00259961143242919,0.00207354980451735,0.00259961143242919,0.00430822983191381
"146",198,"Ada Lake",417300,"040301040201",NA,0.0210049036793579,0.00892399059479905,0.00718195048086522,0.00892399059479905,0.0210049036793579
"147",213,"Surprise Lake",428100,"040301040201",NA,0.00420263138794544,0.00122294729011637,0.0032121439109033,0.00122294729011637,0.00420263138794544
"148",415,"Long Lake",1000900,"070700021204",NA,-0.000167215219991702,0.0054743043174936,0.00672647234511942,0.0054743043174936,-0.000167215219991702
"149",102,"Big Twin Lake",182200,"040302020206",196827363.571429,0.00546384050680632,-0.000856448927047089,0.000979107951660063,-0.000856448927047089,0.00858566707775777
"150",579,"Pulaski Lake",1875900,"070500010904",NA,0.000501726841516849,0.00116618990105638,-0.000217862468762374,0.00116618990105638,0.00247595284414961
"151",199,"Archibald Lake",417400,"040301040202",4857757.14285714,0.00797316316809132,0.00267077326527478,-0.000270839789335983,0.00267077326527478,0.00797316316809132
"152",200,"Archibald Lake - Staff Gage",417400,"040301040202",4857757.14285714,0.00609179402900071,-0.00441014588897272,-0.000223941642056395,-0.00441014588897272,-0.00441014588897272
"153",201,"Bass Lake",417900,"040301040202",4857757.14285714,0.00703074872853004,-0.00244438421023143,0.000355532717342385,-0.00244438421023143,-0.00244438421023143
"154",138,"Sawyer Lake",198100,"040302020301",NA,0.00249705669884584,0.00211367250710056,-0.00196087487590636,0.00211367250710056,0.00211367250710056
"155",408,"Lawrence Lake",997300,"070700021101",NA,-0.000481183342215406,0.00127414053037375,0.0020700433370542,0.00127414053037375,-0.000481183342215406
"156",458,"Pesobic Lake",1481600,"070700020306",11247849,0.00335895389488113,0.00248048263529064,0.00857852948903916,0.00248048263529064,0.00857852948903916
"157",208,"Paya Lake",425600,"040301040103",NA,-0.00250841534675901,0.00715103310024398,0.00732000614713373,0.00715103310024398,-0.00250841534675901
"158",209,"Paya Lake - Staff Gage",425600,"040301040103",NA,-0.0041251050128853,0.00660233508493086,0.00729682828369698,0.00660233508493086,-0.0041251050128853
"159",205,"Boot Lake",418700,"040301040101",37981928.5714286,-0.000899729422831716,-0.00208929367876875,0.000354446003226154,-0.00208929367876875,-0.00208929367876875
"160",210,"Shay Lake",427300,"040301040101",37981928.5714286,-0.000766722918422557,0.00207724006831855,0.00626356589370548,0.00207724006831855,0.00207724006831855
"161",212,"Star Lake",427900,"040301040101",37981928.5714286,0.00104411819599843,0.00755673275310444,0.00606318865034564,0.00755673275310444,0.00104411819599843
"162",206,"Grindle Lake - Staff Gage",421600,"040301040205",3950318.75,-9.44944200609282e-06,0.00339765663689681,-0.000711006815917589,0.00339765663689681,0.00339765663689681
"163",202,"Bear Paw Lake",418000,"040301040205",3950318.75,0.00310083813070186,0.00223496966192626,0.00432940143832371,0.00223496966192626,0.00223496966192626
"164",141,"Sunset Lake",199700,"040302021804",NA,0.000357021443210406,0.00111725170146814,0.0042770152452331,0.00111725170146814,0.000357021443210406
"165",97,"Bear Lake",181900,"040302021804",NA,0.00332757100187485,0.0035562368253863,0.00430500193166198,0.0035562368253863,0.00332757100187485
"166",98,"Bear Lake",181900,"040302021804",NA,0.0024782980764387,0.00324919068242978,0.0041144554459187,0.00324919068242978,0.0024782980764387
"167",117,"Lime Lake",190100,"040302021804",NA,-0.00110604774324863,0.00272025416413343,0.0047117817256954,0.00272025416413343,-0.00110604774324863
"168",113,"Kating Lake",189100,"040302021603",NA,0.0025102969538664,-0.00130681429028037,0.000297006772733279,-0.00130681429028037,-0.00130681429028037
"169",391,"Fetke Lake",984400,"070700010603",180576187.5,0.00222119710017653,0.000360274381836644,-6.90388758242585e-05,0.000360274381836644,0.0042277082186367
"170",442,"Townline Lake",1023100,"070700010603",180576187.5,0.00296333354879804,0.00241317579207058,0.000291412479280514,0.00241317579207058,0.00472876173622199
"171",389,"Elna Lake",983300,"070700011001",NA,0.00371218830575371,0.00178191696377481,0.00288054638715096,0.00178191696377481,0.00371218830575371
"172",419,"Mildred Lake",1004600,"070700011001",NA,0.00549102320573732,0.00176652204555238,0.00253595940689883,0.00176652204555238,0.00549102320573732
"173",436,"Soo Lake",1018900,"070700011001",NA,0.00368056113073773,0.00240482375020048,0.00259910842925932,0.00240482375020048,0.00368056113073773
"174",445,"Virgin Lake",1176700,"070700011001",NA,-0.00119578906416601,0.00268337940945388,0.00141207441244111,0.00268337940945388,0.00268337940945388
"175",558,"Ten Lake",1859400,"070500030108",NA,0.00321350393304443,0.00190394781737754,0.00210757907458615,0.00190394781737754,0.00321350393304443
"176",446,"Washburn Lake",1178000,"070700011302",NA,0.00625763043585691,0.00319426333894598,0.00262409943808214,0.00319426333894598,0.00625763043585691
"177",437,"Squash Lake",1019500,"070700011302",NA,0.0103266251398356,0.00312825999225361,0.00322562304410198,0.00312825999225361,0.0103266251398356
"178",383,"Crystal Lake",979100,"070700011004",NA,-0.00040393701951416,-0.000470733387731552,-0.000311628628684584,-0.000470733387731552,-0.000470733387731552
"179",421,"Moccasin Lake",1005600,"070700010702",NA,-4.96225861687013e-05,0.00289821912754071,0.00271692454620212,0.00289821912754071,-4.96225861687013e-05
"180",403,"Lake Clara",994700,"070700011304",NA,0.00301939341915099,0.00397868502337922,0.00513906638291706,0.00397868502337922,0.0128047333473376
"181",429,"Pine Lake (Hancock)",1012100,"070700011304",NA,0.00136164467638711,0.00202841855023911,0.00448903236237221,0.00202841855023911,0.00136164467638711
"182",120,"Little Long Lake",190500,"040302020204",NA,-6.88293245903803e-07,0.0011896520657616,0.00248346103450225,0.0011896520657616,-6.88293245903803e-07
"183",110,"Duck Lake",185300,"040302020201",NA,0.00324691217152932,0.00250981102150514,0.00424690350475046,0.00250981102150514,0.00324691217152932
"184",128,"Oak Lake",194800,"040302020201",NA,0.010718723176438,0.00997247991788406,0.0149806091107801,0.00997247991788406,0.0149806091107801
"185",108,"Deep Hole Lake",184500,"040302020201",NA,0.0076845033801956,0.00556615577991256,0.00292645311020709,0.00556615577991256,0.0076845033801956
"186",109,"Deep Hole Lake",184500,"040302020201",NA,0.00697292541735641,0.00513137393826394,0.0031725482111872,0.00513137393826394,0.00697292541735641
"187",188,"Saint Johns Lake",388700,"040302020201",NA,0.00741345712689338,0.00408176128587802,0.000493053296844679,0.00408176128587802,0.00741345712689338
"188",105,"Crystal Lake",184200,"040302020201",NA,0.000269750046212629,0.000225521980230276,0.0016334799519137,0.000225521980230276,0.000269750046212629
"189",106,"Crystal Lake - Staff Gage",184200,"040302020201",NA,0.000350836325049596,0.000246125912165069,0.00169029996615054,0.000246125912165069,0.000350836325049596
"190",230,"King Lake",501700,"040301050401",NA,6.87923662467054e-05,0.00747466325201265,0.000861467031621868,0.00747466325201265,0.00747466325201265
"191",634,"Timms Lake",2206300,"070500040104",NA,0.0110686260167389,0.011955468826954,0.0108971921617306,0.011955468826954,0.0110686260167389
"192",537,"Caley Lake",1838500,"070500010704",24797099.1190476,0.000678186961081544,0.000769092722051601,0.00151183254718993,0.000769092722051601,0.000678186961081544
"193",402,"Buteau Lake",994400,"070700011303",NA,0.00514873251914195,0.00909133620605914,0.00780167094134162,0.00909133620605914,0.00514873251914195
"194",485,"Pickerel Lake",1558400,"070700011303",NA,0.00733894736539838,0.0119695634575712,0.009061434073508,0.0119695634575712,0.00733894736539838
"195",373,"Bass Lake",969600,"070700020301",NA,0.00428254647708755,0.0126085789998736,0.00815820368767091,0.0126085789998736,0.00428254647708755
"196",416,"Long Lake",1001000,"070700020301",NA,0.00263645493882506,0.0135577705400859,0.0077183470311104,0.0135577705400859,0.00263645493882506
"197",578,"Plummer Lake",1875100,"070500020201",NA,0.00377210988289383,0.00232704100003012,0.00116168588587237,0.00232704100003012,0.00377210988289383
"198",552,"Jerms Lake",1856500,"070500020201",NA,0.000235555804541201,0.00014656901706591,7.31769695932116e-05,0.00014656901706591,0.000235555804541201
"199",597,"Wyandock Lake",2047300,"070500020201",NA,0.00147379262670311,0.000261289265323156,0.00107695239953911,0.000261289265323156,0.00147379262670311
"200",371,"Anvil Lake",968800,"070700010102",NA,0.00026548581254877,0.00215349423389047,0.00198242861829515,0.00215349423389047,0.00026548581254877
"201",372,"Anvil Lake",968800,"070700010102",NA,0.000700686132571683,0.00255437530639286,0.00378331023232303,0.00255437530639286,0.000700686132571683
"202",444,"Vandercook Lake",1176400,"070700010803",NA,0.00204001704251505,0.00101885927334047,0.00160965938902622,0.00101885927334047,0.00204001704251505
"203",443,"Trilby Lake",1023300,"070700010803",NA,0.00168784008891572,0.00113008229498555,0.00209439768209539,0.00113008229498555,0.00168784008891572
"204",441,"Towanda Lake",1022900,"070700010803",NA,0.00267639303522993,0.00284849327538718,0.00239905161740963,0.00284849327538718,0.00267639303522993
"205",377,"Bullhead Lake",974700,"070700010803",NA,0.000705446355081832,0.00180927295964047,0.00118839030869946,0.00180927295964047,0.00180927295964047
"206",380,"Crescent Lake",978500,"070700010803",NA,0.00750035336517616,0.00941222490193363,0.00772661924336659,0.00941222490193363,0.00941222490193363
"207",396,"Hemlock Lake",989200,"070700010803",NA,-0.00150928179008221,-0.00422750862652923,-2.78920740570083e-05,-0.00422750862652923,-0.00422750862652923
"208",388,"Witches Lake",982500,"070700010801",NA,0.00121104568764792,0.00226008166324225,0.000241886183127855,0.00226008166324225,0.00121104568764792
"209",714,"Reed Lake",2433800,"070500010302",NA,-0.0013880892158381,-0.000473398242026615,0.00102990758506502,-0.000473398242026615,-0.0013880892158381
"210",574,"Patterson Lake",1872500,"070500030206",NA,0.00283678705852985,0.00304469912759055,0.00328597044081092,0.00304469912759055,0.00283678705852985
"211",571,"Newman Lake",1870200,"070500030206",NA,0.00330353803547126,0.00262944195960809,0.00396307504137507,0.00262944195960809,0.00330353803547126
"212",268,"Three Johns Lake",692600,"040301080201",NA,0.00168697373277686,0.00141346794761018,0.0015593717770961,0.00141346794761018,0.00168697373277686
"213",435,"Snipe Lake",1018500,"070700010403",1102451.66666667,0.000408489055728023,0.000726641851906717,0.000827414808194369,0.000726641851906717,0.00392750639829665
"214",422,"Moon Lake",1005800,"070700010403",1102451.66666667,0.00172472060580301,0.000985084228793768,-0.000138498714336153,0.000985084228793768,0.00180787183062906
"215",369,"Alma Lake",967900,"070700010403",1102451.66666667,0.004081498713881,0.00133293227562224,0.00012696390653629,0.00133293227562224,0.00452129534167937
"216",392,"Finley Lake",984800,"070700010403",1102451.66666667,0.00207005828175504,0.000830067421368344,-0.000155995489199378,0.000830067421368344,0.00326283791179037
"217",418,"McDonald Lake",1003700,"070700010403",1102451.66666667,0.00238630629425463,-0.000146830049206831,-0.000147079895198963,-0.000146830049206831,0.0113474797288977
"218",378,"Chickaree Lake",976800,"070700010404",NA,0.00113796148423638,-0.000297413676923988,-0.000297644062648476,-0.000297413676923988,0.0113502526303669
"219",417,"Lucy Lake",1002600,"070700010806",NA,0.00172843888201569,0.0023200456564401,0.0012235805707306,0.0023200456564401,0.00172843888201569
"220",440,"Sunday Lake",1020600,"070700010806",NA,0.00277454623765592,0.00366071679415905,0.00118756248340519,0.00366071679415905,0.00277454623765592
"221",376,"Bobcat Lake",972500,"070700010806",NA,0.00283971634355122,-0.000190407480929603,0.00377990799622939,-0.000190407480929603,0.00377990799622939
"222",448,"Windowpane Lake",1179000,"070700010806",NA,-0.000624026549527232,0.00185559382361492,0.00358383542067998,0.00185559382361492,0.00358383542067998
"223",475,"Blue Lake",1538600,"070700010806",NA,0.00474316130692125,-0.000146913415967863,0.00333743518947408,-0.000146913415967863,0.00474316130692125
"224",652,"Bass Lake",2282200,"070500020603",NA,0.00777694360987072,0.0035342168861339,0.00550292167048417,0.0035342168861339,0.00777694360987072
"225",495,"Hasbrook Lake",1589100,"070700010503",NA,0.000402155916065331,0.00154486557411655,0.000288771315524231,0.00154486557411655,0.000402155916065331
"226",426,"Patterson Lake",1009800,"070700010804",NA,0.00276604239018465,0.00266091259115818,0.000842289529384091,0.00266091259115818,0.00276604239018465
"227",438,"Squash Lake",1019600,"070700010401",NA,0.00112229594149045,0.000860302631833227,0.00175438183858298,0.000860302631833227,0.00175438183858298
"228",576,"Perch Lake",1873600,"070500010503",50000,0.00149012364120152,0.00485520016379308,0.00179391166377897,0.00485520016379308,0.00179391166377897
"229",425,"Paradise Lake",1009400,"070700010402",NA,0.00222339369225206,0.000874106501673032,-0.000122941093540064,0.000874106501673032,0.00222339369225206
"230",536,"Blueberry Lake",1835700,"070500010301",NA,-0.000756769541536078,0.00070111279614592,0.000106747021837202,0.00070111279614592,-0.000756769541536078
"231",379,"Clear Lake",977500,"070700010802",NA,0.00121355541243377,-4.75473335035674e-06,0.000542242438545766,-4.75473335035674e-06,-4.75473335035674e-06
"232",375,"Bird Lake",972000,"070700010802",NA,4.73255888266556e-09,0.000119581934926748,0.000855349035286126,0.000119581934926748,4.73255888266556e-09
"233",374,"Big Carr Lake",971600,"070700010802",NA,-9.84102313803353e-06,0.000254586034998806,0.000675130319912886,0.000254586034998806,-9.84102313803353e-06
"234",397,"Hodstradt Lake",990700,"070700010601",NA,0.00293853003454743,0.00110359134215396,0.000578040260923502,0.00110359134215396,0.00521310198926632
"235",424,"North Two Lakes",1007500,"070700010601",NA,0.0014752841897352,0.000334363132518462,0.000613942870928058,0.000334363132518462,0.0014146332618022
"236",434,"South Two Lakes",1015500,"070700010601",NA,0.00155121816759335,0.000326380684305469,0.00207800117246702,0.000326380684305469,0.00155121816759335
"237",247,"Morgan Lake",589400,"040301080104",NA,0.00707045898923283,0.0045447664070955,0.0148149796297274,0.0045447664070955,0.0148149796297274
"238",248,"Morgan Lake",589400,"040301080104",NA,0.00707045898923283,0.0045447664070955,0.0148149796297274,0.0045447664070955,0.0148149796297274
"239",231,"LaFaye Lake",502000,"040301080105",NA,0.00191703838760128,0.00558858592315225,0.0065240892699772,0.00558858592315225,0.00191703838760128
"240",233,"Oneonta Lake",503300,"040301080105",NA,0.00221350330574673,0.00472225609381471,0.00130533451825408,0.00472225609381471,0.00221350330574673
"241",229,"Hilbert Lake",501200,"040301080105",NA,0.00173122398040108,0.00535365616490336,0.0011166612401857,0.00535365616490336,0.00173122398040108
"242",432,"South Blue Lake",1015100,"070700010904",NA,0.00196533025627042,0.000794710137920094,0.00202039951965218,0.000794710137920094,0.00196533025627042
"243",447,"Wind Pudding Lake",1178900,"070700010904",NA,0.00212389861694184,0.00198244858344769,0.00255660909422692,0.00198244858344769,0.00212389861694184
"244",588,"Street Lake",1884200,"070500020106",31934423.4285714,0.000998805383263413,0.00117415847341583,0.00308816959454477,0.00117415847341583,0.00308816959454477
"245",592,"MAX LAKE NEAR WOODRUFF, WI",2015500,"070500020106",31934423.4285714,0.0071674310145973,0.00982643539989184,0.00102180875964629,0.00982643539989184,0.00982643539989184
"246",538,"Clear Lake",1841300,"070500010304",NA,0.00254823454155581,0.00109875621998462,0.00120650179194985,0.00109875621998462,0.00254823454155581
"247",694,"Spruce Lake",2340100,"070500020101",21800,-0.000526223944597951,0.000905626918498161,0.000977282306198301,0.000905626918498161,-0.000526223944597951
"248",539,"Crystal Lake",1842400,"070500020105",NA,0.00167972862003903,0.00167012480388215,0.000365404208227052,0.00167012480388215,0.00167972862003903
"249",540,"Crystal Lake",1842400,"070500020105",NA,0.00168560666986292,0.00169880547821443,0.000346345309098815,0.00169880547821443,0.00168560666986292
"250",584,"Sparkling Lake",1881900,"070500020105",NA,0.00221936758177964,0.0021754274057171,0.0008550960043383,0.0021754274057171,0.00221936758177964
"251",1038,"Little Rock Lake",1862100,"070500020105",NA,0.0013805220017637,0.00141946205859444,0.000655645059434384,0.00141946205859444,0.0013805220017637
"252",562,"Little Rock Lake",1862100,"070500020105",NA,0.0013805220017637,0.00141946205859444,0.000655645059434384,0.00141946205859444,0.0013805220017637
"253",439,"Stormy Lake",1020300,"070700010306",2504914.57142857,0.00325410499576975,0.00193821010081519,0.00187388171479537,0.00193821010081519,0.00325410499576975
"254",407,"Laura Lake",995200,"070700010502",NA,0.00268418280312871,0.00199544433876667,0.00178691123274587,0.00199544433876667,0.00268418280312871
"255",431,"Razorback Lake",1013800,"070700010502",NA,0.0013031052531524,7.41637477248943e-05,0.000299664321705335,7.41637477248943e-05,0.0013031052531524
"256",399,"Hunter Lake",991700,"070700010307",NA,0.000753217271133785,0.00107638170135228,0.00217212450869712,0.00107638170135228,0.00107638170135228
"257",398,"Honeysuckle Lake",991000,"070700010307",NA,0.00228087638272818,0.000284892713638569,0.00105929820120253,0.000284892713638569,0.00228087638272818
"258",277,"Spectacle Lake",717400,"040301060301",NA,0.007583954933031,0.00812317444236495,0.00772327626673691,0.00812317444236495,0.007583954933031
"259",1032,"Dewey Lake",585400,"040301060301",NA,0.0117559657672007,0.0136998471727681,0.0138171286514913,0.0136998471727681,0.0117559657672007
"260",1036,"Imogene Lake",586800,"040301060301",NA,0.0117559657672007,0.0136998471727681,0.0138171286514913,0.0136998471727681,0.0117559657672007
"261",535,"Blue Gill Lake",1835600,"070500010212",NA,0.00418170022799154,0.00267043015664075,0.0199335641916864,0.00267043015664075,0.0199335641916864
"262",675,"Middle Sugarbush Lake",2317900,"070500020202",NA,-0.000789582341623502,0.00185143390118699,0.00173214733255896,0.00185143390118699,0.00173214733255896
"263",643,"Twin Lake",2264200,"070500030204",NA,0.00412401272941056,0.00102783549484442,0.00239057303562618,0.00102783549484442,0.00412401272941056
"264",546,"Goose Lake",1851200,"070500010307",NA,0.000925086704414846,0.000910903307585939,0.00172166878999702,0.000910903307585939,0.00347351026384349
"265",963,"East Twin Lake",2761000,"040103011006",NA,0.0153885075189954,0.0151750754576139,0.0155101236406719,0.0151750754576139,0.0153885075189954
"266",978,"Wanoka Lake",2832400,"040103011102",NA,0.000196490473598371,0.00389088561861579,0.00489920885209961,0.00389088561861579,0.000196490473598371
"267",990,"Bass Lake - Staff Gage",2901100,"040103020603",NA,0.00422351540361988,0.00539337837166555,0.00298248547143539,0.00539337837166555,0.00539337837166555
"268",989,"Bass Lake",2901100,"040103020603",NA,0.00344751337650742,0.00426780572301855,0.00298557357764877,0.00426780572301855,0.00344751337650742
"269",960,"Beaver Lake",2755600,"040103020603",NA,0.0121239046632418,0.0110677745390015,0.00562627927988596,0.0110677745390015,0.0121239046632418
"270",996,"Weber Lake",2909000,"040103020501",10861238.0952381,0.00893410183670651,0.0144579488914405,0.0111389785554236,0.0144579488914405,0.00893410183670651
"271",801,"Picture Lake",2489300,"040103020605",13257515.4285714,0.00123731491719715,0.00356808033461757,0.00380175930066224,0.00356808033461757,0.00123731491719715
"272",789,"Motyka Lake",2483600,"040103020605",13257515.4285714,0.000804392445796963,0.00346747505252565,0.0041473010274727,0.00346747505252565,0.000804392445796963
"273",948,"Lake Knotting",2734700,"040103020604",NA,0.00220142312948806,0.0124090742391035,0.00136668797561339,0.0124090742391035,0.00220142312948806
"274",971,"Loon Lake - Staff Gage",2767300,"040103020305",61154963.875,0.00740222199442194,0.00776904339373989,0.00056935593133854,0.00776904339373989,0.0353041940956398
"275",943,"Atkins Lake",2734000,"070300020101",NA,-4.68539546545477e-08,0.0181220262940014,0.0180297853930378,0.0181220262940014,-4.68539546545477e-08
"276",772,"Lake Tahkodah",2473500,"070300020103",NA,-0.00161322724587924,0.00288745090697562,0.00401667089624986,0.00288745090697562,0.00401667089624986
"277",807,"Price Lake",2491300,"070300020103",NA,-0.000523803496305895,0.00265819200067125,0.00614078624524723,0.00265819200067125,0.00614078624524723
"278",940,"Perry Lake",2730800,"070300020103",NA,0.000391291475638368,0.000398773980630805,0.00322874166070464,0.000398773980630805,0.00322874166070464
"279",941,"North Twin Lake",2731800,"070300020103",NA,0.00186545721265892,0.00302688379737842,0.00385269568955245,0.00302688379737842,0.00385269568955245
"280",532,"Beaver Lake",1834500,"070500010102",NA,0.000263687438640374,0.00983756981851809,0.00206363605552309,0.00983756981851809,0.00983756981851809
"281",560,"Little Clam Lake",1861100,"070500010102",NA,0.00390626660471728,0.00735215869103145,0.00296479867557816,0.00735215869103145,0.00735215869103145
"282",569,"McLaren Lake",1865200,"070500010102",NA,0.00169384706452302,0.00641248066010049,0.00363798253099431,0.00641248066010049,0.00641248066010049
"283",575,"Payment Lake",1872700,"070500020108",652184.107142857,0.00202132495794361,0.00115680057788886,0.00158889858837818,0.00115680057788886,0.00202132495794361
"284",1047,"Statehouse Lake",1883700,"070500020108",652184.107142857,0.000236270265203513,0.00118638593674728,0.00279092860678989,0.00118638593674728,0.00279092860678989
"285",545,"Frog Lake",1849700,"070500020108",652184.107142857,-0.00143828866891975,0.000158543532657026,-0.00149192609797184,0.000158543532657026,-0.00149192609797184
"286",580,"Rosalind Lake",1877900,"070500020107",12000,0.0019850557376028,0.00360124018051035,0.00229862156634918,0.00360124018051035,0.00360124018051035
"287",541,"Crystal Lake",1842500,"070500020305",11309307.1428571,0.00102920932609752,0.00227473209292683,0.00214691305396227,0.00227473209292683,0.00214691305396227
"288",668,"Little Pike Lake",2313100,"070500020305",11309307.1428571,0.000468787247407231,0.000279352312565592,0.000106408095112872,0.000279352312565592,0.000468787247407231
"289",556,"Lake Five",1858900,"070500010103",NA,0.00292521086889675,0.00518201774123382,0.00408082584774035,0.00518201774123382,0.00292521086889675
"290",542,"Dells Lake",1844500,"070500010104",NA,0.00350004998169786,0.00341076943452271,0.00334345778738127,0.00341076943452271,0.00350004998169786
"291",557,"Helane Lake",1859100,"070500010303",NA,-0.00091398138941225,0.0011547867877568,0.00473735934508441,0.0011547867877568,-0.00091398138941225
"292",660,"Boot Lake",2297800,"070500020307",9977500,-0.000964442354508489,0.000675076536793196,0.000809113483959226,0.000675076536793196,-0.000964442354508489
"293",658,"McDermott Lake",2296500,"070500020307",9977500,3.28722039625635e-09,0.00238351475803184,0.000654967464930767,0.00238351475803184,3.28722039625635e-09
"294",410,"Little Frog Lake",999200,"040302021501",NA,0.00137575130946423,0.0057502870781567,0.00216356317942244,0.0057502870781567,0.00137575130946423
"295",140,"Stenson Lake",199300,"040302021501",NA,0.00256093093412364,0.00571849770025053,0.0029909143364264,0.00571849770025053,0.00571849770025053
"296",144,"White Lake",240800,"040302020802",59697281.3392857,-0.00407709206025412,-0.00111942371979176,0.000284397996219515,-0.00111942371979176,-0.00407709206025412
"297",409,"Little Bass Lake",998100,"070700030103",NA,0.00115770541387248,0.00381518545178858,0.00117435493930917,0.00381518545178858,0.00381518545178858
"298",36,"West Alaska Lake",94300,"040301020205",NA,0.00330484937904278,0.00732254317104961,0.00291089402093158,0.00732254317104961,0.00330484937904278
"299",136,"Round Lake",197600,"040302020702",NA,-0.000606863252394475,-0.00066510933862169,-0.00059861570274345,-0.00066510933862169,-0.00066510933862169
"300",137,"Sand Lake",197900,"040302020702",NA,0.00148109086526327,-0.00045251794484947,0.00120410798177888,-0.00045251794484947,0.00148109086526327
"301",203,"Berry Lake",418300,"040301040501",72345,0.00155160852537263,0.00425431621103803,0.00144640343334413,0.00425431621103803,0.00155160852537263
"302",204,"Berry Lake",418300,"040301040501",72345,0.00169187277520717,0.00414925872092366,0.00141667979092683,0.00414925872092366,0.00169187277520717
"303",126,"Mud Lake",193800,"040302021001",57789285.7142857,0.00246036404257946,0.0041079514576648,0.00080303209695724,0.0041079514576648,0.0041079514576648
"304",171,"Mayflower Lake",310500,"040302021001",57789285.7142857,0.00541834198912833,0.00541190425607497,-0.00190832131584527,0.00541190425607497,0.00541834198912833
"305",95,"Bass Lake",181700,"040302021001",57789285.7142857,0.00294427877764491,0.00279154046180211,0.000821610666818234,0.00279154046180211,0.00279154046180211
"306",145,"Wilson Lake",240900,"040302021001",57789285.7142857,0.00109442815713113,0.00262927590946467,0.00292981260655035,0.00262927590946467,0.00262927590946467
"307",454,"Lost Lake",1407000,"070700030102",NA,0.0033652896384787,0.00423908686036365,0.000530562127552732,0.00423908686036365,0.00423908686036365
"308",420,"Mission Lake",1005400,"070700030102",NA,-1.26990113239603e-07,0.00352343582314845,0.00202309913038727,0.00352343582314845,-1.26990113239603e-07
"309",452,"Big Bass Lake",1405200,"070700030102",NA,-0.00900720542637651,0.00486910863748009,0.000948185773569892,0.00486910863748009,0.00486910863748009
"310",96,"Bass Lake",181800,"040302020602",NA,0.00141946085945876,0.00141185340233718,0.00150677745663408,0.00141185340233718,0.00141946085945876
"311",318,"Goose Lake",776000,"070900020501",NA,0.000620209566695997,0.00437839818567463,0.0049125006607667,0.00437839818567463,0.000620209566695997
"312",381,"Crystal Lake",978900,"070700050303",NA,6.11533022455711e-08,-0.000958931182889886,0.000299718747565088,-0.000958931182889886,6.11533022455711e-08
"313",394,"Fish Lake",985100,"070700050303",NA,-0.00114902783255445,-0.00210485232810626,-0.000316075979119062,-0.00210485232810626,-0.00114902783255445
"314",395,"Fish Lake",985100,"070700050303",NA,-0.0012524958666474,-0.00190368155529855,-0.000284189531138832,-0.00190368155529855,-0.0012524958666474
"315",207,"Halfmoon Lake",421800,"040301040301",184598250,0.00223509561348432,0.00152597828772747,0.005440400481355,0.00152597828772747,0.00223509561348432
"316",594,"Upper Twin Lake",2043700,"070500050103",NA,0.00622133426854545,0.00145528853436119,0.00248824610510313,0.00145528853436119,0.00622133426854545
"317",550,"Howe Lake",1855100,"070500050103",NA,0.00173577906602253,0.000803182569455904,0.00207172705929578,0.000803182569455904,0.00173577906602253
"318",551,"Howe Lake",1855100,"070500050103",NA,0.00115819577750589,0.000674174642850779,0.00191436006515505,0.000674174642850779,0.00115819577750589
"319",107,"Dark Lake",184300,"040302020305",14866810,-0.00101038426392865,0.00372637466432681,0.00152272735183565,0.00372637466432681,-0.00101038426392865
"320",127,"Mueller Lake",194000,"040302020401",NA,0.00511612987286248,0.00798780239703118,0.00575667599752404,0.00798780239703118,0.00511612987286248
"321",234,"Rost Lake",504300,"040301050505",1813400,0.0145159010399749,0.0108530130503177,0.00428855004131403,0.0108530130503177,0.0145159010399749
"322",236,"Underwood Lake - Staff Gage",519700,"040301050505",1813400,0.00970990875236363,0.00145829629408251,0.00121801025147267,0.00145829629408251,0.00970990875236363
"323",125,"Meyer Lake",192500,"040302020501",59860242.6785714,0.00135518732234549,0.00203807219574571,-0.001480401947361,0.00203807219574571,0.00135518732234549
"324",65,"Scott Lake",107600,"040302010102",NA,0.000924705607224303,0.00428792176309954,0.000976495398557849,0.00428792176309954,0.000924705607224303
"325",382,"Crystal Lake",979000,"070700050102",NA,-0.000689638365563494,0.000762291104663552,0.000354718224051247,0.000762291104663552,0.000762291104663552
"326",404,"Geroge Lake",994800,"070700050105",89818185.0714286,0.00115025585676668,0.00135161938919179,0.000831123462559318,0.00135161938919179,0.000831123462559318
"327",46,"Fenners Lake",103400,"040302010303",289582538.57619,0.0024035170204027,0.00183752292406346,0.00211037496080027,0.00183752292406346,0.0024035170204027
"328",47,"Goose Lake",103600,"040302010201",NA,0.00122859490067386,0.00356865993110402,0.000534082146774374,0.00356865993110402,0.00122859490067386
"329",72,"Wolf Lake",117500,"040302010201",NA,0.00277995710611752,0.00325257375985653,-4.22546281043284e-05,0.00325257375985653,0.00277995710611752
"330",17,"Crystal Lake",45200,"040301010902",NA,-0.000139785043532002,0.0121821805762998,0.00156109491818639,0.0121821805762998,-0.000139785043532002
"331",59,"Parker Lake",106500,"040302010205",NA,0.00280033538489922,0.0040182424422504,0.000230575928567811,0.0040182424422504,0.00280033538489922
"332",42,"Crooked Lake",102600,"040302010205",NA,0.00053724292135736,0.00422795355872292,0.00307993125567343,0.00422795355872292,0.00053724292135736
"333",50,"Jordon Lake",104000,"040302010202",NA,0.00495184831026918,0.00400739372979838,0.00333679130200778,0.00400739372979838,0.00495184831026918
"334",15,"Kettle Moraine Lake",43900,"040400030202",26077418.75,-0.00119233705223796,0.00207275027271234,0.00351735227570266,0.00207275027271234,-0.00119233705223796
"335",43,"Cuff Lake",102700,"040302010602",NA,0.00226414344574486,0.00260188623959153,0.00338706950765689,0.00260188623959153,0.00226414344574486
"336",3,"Forest Lake",8900,"040400030206",1995524.9,0.00562738337133116,0.00100556430148427,0.00587860661400043,0.00100556430148427,0.00562738337133116
"337",4,"Forest Lake",8900,"040400030206",1995524.9,0.00649935614506138,0.000968038884052116,0.00659298851235517,0.000968038884052116,0.00649935614506138
"338",13,"Cedar Lake",42800,"040400030204",74068895.7142857,-0.000739138085447744,0.00476013324357951,0.00422174747845898,0.00476013324357951,0.00476013324357951
"339",11,"Dickman Lake",41900,"040400030204",74068895.7142857,0.00235095353393824,0.00136582459765444,0.000800196902651038,0.00136582459765444,0.00136582459765444
"340",808,"Red Lake",2492100,"070300020306",NA,-0.0011460110969538,0.00182293600177202,0.00238606916024768,0.00182293600177202,-0.0011460110969538
"341",741,"Decrosier Lake",2460900,"070300020306",NA,5.01068016277324e-08,0.00314561897466658,0.00561071227526873,0.00314561897466658,5.01068016277324e-08
"342",822,"Silverthorn Lake",2497000,"070300020105",NA,-0.00411112772763297,-0.000967635512117308,0.0035743389139048,-0.000967635512117308,0.0035743389139048
"343",780,"Little Sand Lake",2477700,"070300020311",28504575,0.00241927724028766,0.00124392840230904,0.00241194135733766,0.00124392840230904,0.00241927724028766
"344",726,"Beartrack Lake",2452300,"070300020311",28504575,0.00308578700674204,0.00305285436242344,0.0033586768144435,0.00305285436242344,0.00308578700674204
"345",794,"No Mans Lake",2486300,"070300020311",28504575,0.00355510456172639,0.00301304064734022,0.00484065352692294,0.00301304064734022,0.00355510456172639
"346",817,"Scovils Lake",2495900,"070300020311",28504575,0.00404489198541921,0.000465135354073225,0.00229855883195858,0.000465135354073225,0.00404489198541921
"347",824,"Sleepy Eye Lake",2497400,"070300020311",28504575,-0.00081121802503423,5.72434084415766e-05,-0.000868105005051504,5.72434084415766e-05,0.00717152182029851
"348",729,"Big Bass Lake",2453300,"070300020310",NA,-6.2132201764256e-05,0.000100401182120332,-0.000623058677758848,0.000100401182120332,-6.2132201764256e-05
"349",765,"Horseshoe Lake",2470000,"070300020310",NA,0.000351568564510895,-0.000485478862984564,-0.00086535743210875,-0.000485478862984564,0.00257738434897596
"350",792,"North Twin Lake",2485900,"070300020310",NA,0.000177407135663835,0.00181769521356063,-0.00091000349114715,0.00181769521356063,0.000177407135663835
"351",774,"Lakeside Lake",2473800,"070300020310",NA,-0.000932811952298092,0.000771142181944974,0.00233922482934204,0.000771142181944974,-0.000932811952298092
"352",813,"South Twin Lake",2494500,"070300020310",NA,0.000561316065467706,0.00167607061279334,-0.00104788090013217,0.00167607061279334,0.000561316065467706
"353",786,"McLain Lake",2481600,"070300020310",NA,0.00370192233313949,0.00236532911234168,-0.000896159860787019,0.00236532911234168,0.00370192233313949
"354",740,"Deer Lake",2460700,"070300020405",NA,0.00270193577657077,0.00301905970736863,0.00357588146484069,0.00301905970736863,0.00270193577657077
"355",753,"Frog Lake",2465300,"070300020405",NA,0.0046799519653406,0.00129142867276841,0.00240767552040344,0.00129142867276841,0.0046799519653406
"356",916,"Big Bear Lake",2705700,"070300020405",NA,0.00314385015267058,0.00212716040668818,0.00219956262483726,0.00212716040668818,0.00314385015267058
"357",890,"Des Moines Lake",2674200,"070300020405",NA,0.00408250670680047,0.00111474845200488,0.00249025291183378,0.00111474845200488,0.00408250670680047
"358",778,"Little Bear Lake",2476000,"070300010505",NA,0.00165073552063474,0.00255209531406899,0.00239395384374106,0.00255209531406899,0.00165073552063474
"359",787,"Minnow Lake",2482900,"070300010505",NA,0.00390782688190519,0.00058791375461397,0.00421969705459592,0.00058791375461397,0.00390782688190519
"360",888,"Shoal Lake",2673800,"070300010505",NA,0.00196635668247479,0.000217792292187372,0.000917238939746558,0.000217792292187372,0.00196635668247479
"361",752,"Fremstadt Lake",2465200,"070300010505",NA,0.000858434482370142,0.000961728216486335,0.00244793231335857,0.000961728216486335,0.00244793231335857
"362",928,"Matthews Lake",2710800,"070300020401",NA,0.000574229941021558,0.00145619924446037,-0.00083175151300411,0.00145619924446037,0.000574229941021558
"363",785,"Mack Lake",2480600,"070300020401",NA,0.0012157080406047,0.0012034978290742,-0.000281206592463296,0.0012034978290742,0.0012157080406047
"364",797,"Pear Lake",2488200,"070300020403",1715388.82142857,-5.20975400159491e-05,0.00147467240589571,0.00143363881074122,0.00147467240589571,0.00664554291653321
"365",763,"Hoinville Lake",2469400,"070300020403",1715388.82142857,0.00145801718840544,0.00135010773338652,0.00107394125888589,0.00135010773338652,0.00428272990695052
"366",793,"Nicaboyne Lake",2486100,"070300020404",1538715,0.000416565266784386,0.00212108359876873,0.000571597471887868,0.00212108359876873,0.000416565266784386
"367",751,"Fish Lake",2464500,"070300020404",1538715,0.000424063613904978,-1.83214609942792e-05,0.000802840857629372,-1.83214609942792e-05,0.000424063613904978
"368",758,"Goose Lake",2466500,"070300020404",1538715,0.00116712778687964,7.29918532395616e-05,0.000796486179176617,7.29918532395616e-05,0.00116712778687964
"369",889,"Hanscom Lake",2674000,"070300020404",1538715,0.00132631858978493,0.00104601681323023,0.000791248729312093,0.00104601681323023,0.00132631858978493
"370",791,"Mystery Lake",2485400,"070300020404",1538715,0.00113432274830499,0.00016925848200354,0.000959635611701847,0.00016925848200354,0.00113432274830499
"371",811,"Rooney Lake",2493100,"070300020404",1538715,0.000279527071472898,-2.90830937022326e-05,0.000932703428505039,-2.90830937022326e-05,0.000279527071472898
"372",730,"Birch Island Lake",2453500,"070300020404",1538715,0.0021615346833067,0.000936109277777392,0.00200719504236717,0.000936109277777392,0.0021615346833067
"373",761,"Hayden Lake",2468700,"070300010506",15451658.0535714,0.000387686122513779,0.000228757718853985,0.00479485453103781,0.000228757718853985,0.00479485453103781
"374",892,"Bass Lake",2675000,"070300010506",15451658.0535714,0.00016272088324681,0.000268287103332323,0.00418965632740373,0.000268287103332323,0.00418965632740373
"375",821,"Silver Lake",2496900,"070300020207",41072547,0.00365169566731298,-0.00197616751792622,0.00155194873015736,-0.00197616751792622,0.00365169566731298
"376",766,"Island Lake",2470600,"070300020402",11850407.5,0.00266074928446848,-0.00123307792162746,0.000707219813205049,-0.00123307792162746,-0.00123307792162746
"377",830,"Sunfish Lake",2500100,"070300020402",11850407.5,-0.00107748849826325,-0.00011494169525143,0.000852574455680555,-0.00011494169525143,-0.00011494169525143
"378",924,"Loon Lake",2709400,"070300020402",11850407.5,0.000754366642210588,-2.86709551903543e-09,0.000958071001808491,-2.86709551903543e-09,-2.86709551903543e-09
"379",733,"Cable Lake",2456100,"070300020402",11850407.5,-0.000540929961265964,0.000516636730961604,0.00155172638862085,0.000516636730961604,-0.000540929961265964
"380",728,"Beaver Lake",2452600,"070300020203",5941675,0.00289345551335628,0.00118658199729221,0.00501211271950089,0.00118658199729221,0.00501211271950089
"381",725,"Bass Lake",2451900,"070300020203",5941675,0.00112563028801825,0.00167615066056894,0.00492032770393316,0.00167615066056894,0.00112563028801825
"382",790,"Mud Lake",2484200,"070300020203",5941675,0.00201348168683456,0.0019051082052294,0.00393999638095415,0.0019051082052294,0.00201348168683456
"383",587,"Stone Lake",1884100,"070300020203",5941675,-0.00348904742895632,-0.000144594245775815,0.00049140392510399,-0.000144594245775815,-0.00348904742895632
"384",586,"Spring Lake",1882900,"070300020203",5941675,-2.84439920386626e-07,0.00100010219108444,0.0010283691408329,0.00100010219108444,-2.84439920386626e-07
"385",596,"Windigo Lake",2046600,"070500010402",NA,0.000360544397664227,0.000334115262906456,0.00781416812603354,0.000334115262906456,0.000360544397664227
"386",737,"Crooked Lake",2459200,"070300010504",24505894.3535714,0.00280433011427097,0.000894050356388253,0.00351902941523608,0.000894050356388253,0.00280433011427097
"387",770,"Johnson Lake",2471600,"070300010504",24505894.3535714,0.00169368669706629,0.00120507494224475,0.00145107344594418,0.00120507494224475,0.00169368669706629
"388",743,"Devils Lake",2461100,"070300010504",24505894.3535714,-0.00136049826006678,0.00222660639119435,0.00477052965314788,0.00222660639119435,0.00477052965314788
"389",742,"Devils Lake",2461100,"070300010504",24505894.3535714,0.000851257790581747,0.00659486934706175,0.132450432024851,0.00659486934706175,0.132450432024851
"390",732,"Boner Lake",2454500,"070300010501",NA,0.00144666715236134,0.000376513223588738,0.00139967169745393,0.000376513223588738,0.00144666715236134
"391",795,"Oak Lake",2486600,"070300010501",NA,0.000917218678386322,0.000828229559635029,0.00154745561115329,0.000828229559635029,0.00154745561115329
"392",759,"Green Lake",2467200,"070300010501",NA,0.00156098833008385,0.000517712081854212,0.00249285901135273,0.000517712081854212,0.00249285901135273
"393",745,"Dubois Lake",2461700,"070300010405",NA,-0.000128608718273307,0.00119007337265307,0.00180756222348483,0.00119007337265307,-0.000128608718273307
"394",744,"Dock Lake",2461400,"070300010405",NA,1.98161011845312e-08,-0.000483466368144026,0.00144049956884667,-0.000483466368144026,1.98161011845312e-08
"395",757,"Goose Lake",2466400,"070300010405",NA,0.00402908559955133,0.000287527341071451,0.00186311534660341,0.000287527341071451,0.00402908559955133
"396",739,"Cyclone Lake",2459800,"070300010405",NA,0.00366262941972056,0.00130548788811036,0.00412590218329352,0.00130548788811036,0.00366262941972056
"397",735,"Conners Lake",2458300,"070300010503",502349,-0.000925128397476514,0.00158720141745116,0.0032472174520249,0.00158720141745116,0.0032472174520249
"398",722,"Bass Lake",2451200,"070300010503",502349,0.000771743902495824,-0.000184201195765323,0.00204211492003279,-0.000184201195765323,0.00219991867487649
"399",826,"Spring Lake",2498600,"070300020204",68720250,0.00352088060687779,0.000839591915703917,0.00219533703480292,0.000839591915703917,0.000839591915703917
"400",723,"Bass Lake",2451300,"070300010404",NA,0.000375304230941985,-0.00131636341171761,0.00105617435848457,-0.00131636341171761,0.000375304230941985
"401",769,"Jerry Lake",2471100,"070300010404",NA,0.00144640036851649,-0.000373220198878405,-0.000469121980380088,-0.000373220198878405,0.00144640036851649
"402",750,"Ellsworth Lake",2463500,"070300010404",NA,0.00339615768963324,0.00199685487203867,0.00174687382797277,0.00199685487203867,0.00339615768963324
"403",843,"Wikerson Lake",2600600,"070300010404",NA,0.00155614802219073,0.00181762910775413,0.00162069854441546,0.00181762910775413,0.00155614802219073
"404",717,"Indian Lake",2448700,"070500010404",NA,0.00189345610838487,0.00248541401281028,0.00195630593706774,0.00248541401281028,0.00189345610838487
"405",553,"Johnson Lake",1856700,"070500010404",NA,0.00051513535468283,0.000573146133508141,0.000438430157605362,0.000573146133508141,0.000573146133508141
"406",716,"Gurno Lake",2448000,"070500010404",NA,3.29139040918909e-07,0.00242035883449255,0.00145397046520514,0.00242035883449255,3.29139040918909e-07
"407",719,"Baker Lake",2449800,"070300020206",NA,0.00596149649172756,0.00183314815230342,0.00402037065687713,0.00183314815230342,0.00596149649172756
"408",563,"Little Sand Lake",1862200,"070500010403",NA,-0.000228024229374793,0.000235759676597238,0.000657419224825743,0.000235759676597238,0.000235759676597238
"409",706,"Mud Lake",2393700,"070500010403",NA,8.72566619994347e-05,0.0058663865279104,0.00351752234173078,0.0058663865279104,8.72566619994347e-05
"410",707,"Little Sissabagama Lake",2394100,"070500010403",NA,0.0127596339922253,0.0121840569253836,0.00658691661671722,0.0121840569253836,0.0127596339922253
"411",736,"Crooked Lake",2459100,"070300010905",11819432.6785714,0.00495161722897386,-0.000654237264394488,0.00117633113294183,-0.000654237264394488,0.00495161722897386
"412",775,"Larson Lake",2474300,"070300010905",11819432.6785714,0.00722303314092889,0.000381942940028774,0.00125585839137118,0.000381942940028774,0.00722303314092889
"413",548,"Ham Lake",1852300,"070500010405",NA,0.00162634348149282,0.0027533908954897,0.00185089058573324,0.0027533908954897,0.0027533908954897
"414",897,"Warner Lake",2677200,"070300010502",NA,0.00143295818680344,0.000506072728164977,0.00128638617426991,0.000506072728164977,0.00203194115397538
"415",721,"Bass Lake",2450900,"070300010502",NA,0.00300558482230276,0.00149559956490234,0.00229195326936321,0.00149559956490234,0.00826106696652469
"416",818,"Seymour Lake",2496100,"070300010402",20460303.6,0.0107822495714913,0.00260768680661003,0.00479886224352889,0.00260768680661003,0.00260768680661003
"417",777,"Leesome Lake",2474800,"070300010402",20460303.6,0.00821374212896614,-0.000428265577755832,0.00387575032520191,-0.000428265577755832,0.00821374212896614
"418",568,"Loyhead Lake",1864200,"070500070301",1314666.66666667,-0.00254365622849822,0.0096580335011193,0.00473301231338794,0.0096580335011193,-0.00254365622849822
"419",806,"Poquettes Lake",2491100,"070300010802",9889200,-0.00268803566201327,0.00026978749838265,0.00399915314769353,0.00026978749838265,-0.00268803566201327
"420",838,"Viola Lake",2598600,"070300010904",30651000,4.79748487194131e-07,0.000398733621785043,0.00185897928607051,0.000398733621785043,4.79748487194131e-07
"421",871,"Taylor Lake",2655900,"070300010904",30651000,0.00230567394424058,0.000211141844389644,0.00137515931072676,0.000211141844389644,0.00230567394424058
"422",820,"Silver Lake",2496800,"070300010904",30651000,0.00113004421641323,-0.000907022878648468,-0.000663998972959007,-0.000907022878648468,0.00113004421641323
"423",734,"Clear Lake",2457600,"070300010904",30651000,0.00477726042534353,-0.00165162712084279,0.00116660495261256,-0.00165162712084279,0.00477726042534353
"424",748,"Elbow Lake",2463100,"070300010904",30651000,0.00175050993198571,-0.00126668645027004,0.00216216783601997,-0.00126668645027004,0.00175050993198571
"425",796,"Pavlas Lake",2488100,"070300010401",NA,0.000981691572027833,0.00222529660640148,0.00435831245161027,0.00222529660640148,0.00222529660640148
"426",530,"Bass Lake",1833300,"070500070302",NA,0.00719901986206337,0.00548731074180311,0.00426293724763227,0.00548731074180311,0.00719901986206337
"427",559,"Lazy Island Lake",1859900,"070500070302",NA,0.00329542197438919,0.00447078251352699,0.0040620384197945,0.00447078251352699,0.00447078251352699
"428",572,"Nice Lake",1870300,"070500070302",NA,0.00522569322836811,0.00438759545735796,0.0115177981664072,0.00438759545735796,0.0115177981664072
"429",565,"Loon Lake",1863200,"070500070302",NA,0.00473951015035252,0.00560118700705367,0.00978932880983815,0.00560118700705367,0.00978932880983815
"430",819,"Shell Lake",2496300,"070300010403",56170394.2857143,-0.00662024868305859,-3.48127894612705e-09,0.00986397545639591,-3.48127894612705e-09,-0.00662024868305859
"431",809,"Ripley Lake",2492600,"070300010403",56170394.2857143,-0.000473236300841915,0.000910750171100664,0.00516268868447911,0.000910750171100664,-0.000473236300841915
"432",547,"Green Lake",1851900,"070500070102",21827973.2857143,-0.00365979037914307,0.0147431307270988,0.00563724153948439,0.0147431307270988,-0.00365979037914307
"433",577,"Peufald Lake",1873900,"070500070102",21827973.2857143,0.00713070112152775,0.00780878269427829,0.00547674678425289,0.00780878269427829,0.00713070112152775
"434",585,"Spider Lake",1882100,"070500070102",21827973.2857143,0.00160318611788876,0.00357658932127345,0.00383247590018868,0.00357658932127345,0.00160318611788876
"435",573,"Nick Lake",1870500,"070500070102",21827973.2857143,0.00672954546300027,0.00587792117000024,0.00629045809922151,0.00587792117000024,0.00672954546300027
"436",566,"Lost Lake",1863400,"070500070102",21827973.2857143,0.0045805376642811,0.00387808906236741,0.0100188701591797,0.00387808906236741,0.0100188701591797
"437",595,"Windfall Lake",2046500,"070500010507",NA,0.000250608442910673,0.000460516509557589,0.00321135402489574,0.000460516509557589,0.00321135402489574
"438",756,"Godfrey Lake",2466300,"070300010903",12980000,8.40045602975288e-09,0.00113682518025116,0.00538854907292123,0.00113682518025116,0.00113682518025116
"439",776,"Leach Lake",2474400,"070300010801",12725733,-1.64516661037264e-05,-6.65325956264935e-05,0.0101917875366097,-6.65325956264935e-05,-1.64516661037264e-05
"440",764,"Horseshoe Lake",2469800,"070300010803",NA,0.00481742558019192,0.0151697564085526,0.0114293816770788,0.0151697564085526,0.00481742558019192
"441",543,"Fenton Lake",1848400,"070500070304",NA,0.000149181133873407,0.00362479220428931,0.00269434022693781,0.00362479220428931,0.00362479220428931
"442",844,"Yechout Lake",2601000,"070500070306",NA,0.0022984299281585,0.00320282942219812,0.00263949622762329,0.00320282942219812,0.00320282942219812
"443",549,"Haugen Lake",1853200,"070500070306",NA,0.000575130103719923,0.00362143679051,0.00351746573222723,0.00362143679051,0.00362143679051
"444",570,"Monday Lake",1867300,"070500070306",NA,0.00128998809645743,0.00452359480851275,0.00357451496669925,0.00452359480851275,0.00452359480851275
"445",567,"Lower Devils Lake",1864000,"070500070306",NA,0.00140491632627297,0.00535017756177297,0.00443002179133263,0.00535017756177297,0.00140491632627297
"446",841,"Ward Lake",2599400,"070300010901",NA,0.00451994017551318,0.0121381714678952,0.00584414812473782,0.0121381714678952,0.00451994017551318
"447",840,"Ward Lake",2599400,"070300010901",NA,0.0050952452317767,0.0108057780941856,0.00589198551088526,0.0108057780941856,0.0050952452317767
"448",803,"Pine Lake",2489900,"070300010901",NA,-0.00189324463034959,-0.000935081342337342,0.00424006693397573,-0.000935081342337342,-0.00189324463034959
"449",555,"Kirby Lake",1858200,"070500070201",286700,0.0053059530013556,0.00671230323857131,0.00524014256535483,0.00671230323857131,0.0053059530013556
"450",554,"Kirby Lake",1858200,"070500070201",286700,0.0112398342768387,0.0081059883088536,0.00569702532073592,0.0081059883088536,0.0112398342768387
"451",583,"Silver Lake",1881100,"070500070201",286700,1.12335271903374e-08,5.31298137289255e-07,0.00891711234825802,5.31298137289255e-07,5.31298137289255e-07
"452",561,"Little Dummy Lake",1861400,"070500070201",286700,0.000632138243504107,0.00350199369848461,0.00339516715732091,0.00350199369848461,0.000632138243504107
"453",868,"Coon Lake",2642000,"070300050501",75454703.5714286,0.0039915784878887,0.00916169804452184,0.00881837829487944,0.00916169804452184,0.0039915784878887
"454",788,"Long Lake",2483100,"070300050702",NA,0.00176487195511664,0.0404387046982984,0.00152012854807094,0.0404387046982984,0.0404387046982984
"455",837,"Vincent Lake",2598500,"070300050703",NA,0.0063235582527164,0.00454255072193611,0.00336714190382264,0.00454255072193611,0.0063235582527164
"456",718,"Antler Lake",2449400,"070300050801",NA,0.00729156636578937,0.00618850384722786,0.00318507504289793,0.00618850384722786,0.00729156636578937
"457",827,"Little Pine Lake",2498800,"070300050801",NA,0.010103404240132,0.0058246646647859,0.00318705074356957,0.0058246646647859,0.010103404240132
"458",781,"Long Lake",2478200,"070300050801",NA,0.000618246749377291,0.00363167636745345,0.000706223444683809,0.00363167636745345,0.000618246749377291
"459",782,"Long Lake - Staff Gage",2478200,"070300050801",NA,0.000537575804489421,0.00304287993015745,0.000640911967608281,0.00304287993015745,0.000537575804489421
"460",828,"Square Lake",2498900,"070300050704",NA,0.00158742978478087,-0.00145125069264234,0.00514566320981088,-0.00145125069264234,0.00514566320981088
"461",783,"Loon Lake",2478600,"070300050706",NA,0.00251256103710232,-0.00066137127228161,0.000589981057661812,-0.00066137127228161,0.000589981057661812
"462",858,"Horseshoe Lake",2630100,"070300050706",NA,0.00348740382524049,-0.000740255081522539,-0.000309884015810301,-0.000740255081522539,-0.000309884015810301
"463",860,"Echo lake",2630200,"070300050706",NA,0.00185316371405053,0.00261094442302722,-0.000728980041284401,0.00261094442302722,0.00185316371405053
"464",859,"Horseshoe Lake - Staff Gage",2630100,"070300050706",NA,0.00560855012951398,-0.000533755967358984,0.00326573527477039,-0.000533755967358984,0.00560855012951398
"465",602,"Bass Lake",2090900,"070500070402",NA,0.00123512124796671,0.00347740761029327,0.00929016903251863,0.00347740761029327,0.00123512124796671
"466",528,"Bass Lake",1832800,"070500070405",NA,0.000544579920061005,0.00106274447406016,0.000415846150986379,0.00106274447406016,0.000415846150986379
"467",852,"Pike Lake",2624000,"070300050802",1248404.5,-0.00184942054864909,0.00285466173695603,3.47012034353816e-09,0.00285466173695603,3.66419966131593e-09
"468",598,"Lake Camelia Lake",2079400,"070500070603",NA,0.000477160198301434,0.0023083420548136,0.00443786667313919,0.0023083420548136,0.000477160198301434
"469",805,"Poplar Lake",2491000,"070300050804",81668596.875,0.0202135823865258,0.00853980498975192,0.00125943101877847,0.00853980498975192,0.0202135823865258
"470",815,"Sand Lake",2495000,"070300050804",81668596.875,0.0140397834146003,0.00811147012075532,0.000860915675544423,0.00811147012075532,0.0140397834146003
"471",544,"Fish Lake",1849100,"070500070404",335446608.666667,0.00832340766527507,0.0100234311989788,0.00343074071337864,0.0100234311989788,0.00832340766527507
"472",603,"Axhandle Lake",2092500,"070500070404",335446608.666667,0.0126406998865091,0.00241458580932578,0.00233598817768523,0.00241458580932578,0.0126406998865091
"473",604,"Axehandle Lake",2092500,"070500070404",335446608.666667,0.0075709487805989,0.00194579616137844,0.00205284781473146,0.00194579616137844,0.0075709487805989
"474",605,"Axhandle Lake -- Access at E Side Of Lake Off 100th St",2092500,"070500070404",335446608.666667,0.00763431731130051,0.00278681823891691,0.00223994036236493,0.00278681823891691,0.00763431731130051
"475",581,"Rusk Lake",1878800,"070500010901",NA,0.0174808946470915,0.0168671993074518,0.00482736428888337,0.0168671993074518,0.0174808946470915
"476",754,"Horseshoe Lake",2465600,"070300050803",13487891,0.00119140824843622,0.00126105282904886,-0.000544916311074422,0.00126105282904886,0.00119140824843622
"477",590,"Two Island Lake -- Access at East Side Of Lake Nr 146th And 145th St",1887500,"070500010902",NA,-0.00969821970442613,0.00357205344376424,0.00192610479198873,0.00357205344376424,-0.00969821970442613
"478",582,"South Shattuck Lake",1879300,"070500010902",NA,0.00388059434611181,0.00113423092809887,0.000895555352691948,0.00113423092809887,0.00388059434611181
"479",849,"Clear Lake",2623500,"070300050708",108616775,-0.00225418110339824,0.000905531915151112,0.00249851429858541,0.000905531915151112,-0.00225418110339824
"480",831,"Swede Lake",2500500,"070300050806",NA,-0.000707766170957766,0.0016063708793074,-0.00129034764395888,0.0016063708793074,-0.000837166444647365
"481",804,"Pine Lake",2490400,"070300050806",NA,-0.00119476336574373,0.00173620830503794,-0.00140825836132532,0.00173620830503794,0.00173620830503794
"482",529,"Bass Lake",1832900,"070500070501",NA,0.013150163102254,0.0154937829677185,0.00862494474927262,0.0154937829677185,0.013150163102254
"483",629,"Round Lake",2169200,"070500050105",69975408.0833333,0.00020786869827892,5.67200719117598e-05,0.000312939551541538,5.67200719117598e-05,5.67200719117598e-05
"484",564,"Loon Lake",1863000,"070500050105",69975408.0833333,0.000469111704102357,-6.25898236395999e-05,0.00113108525339126,-6.25898236395999e-05,-6.25898236395999e-05
"485",531,"Beaver Lake",1834400,"070500050106",NA,-0.0019107777003835,0.00833563756420961,0.00434654479570031,0.00833563756420961,0.00833563756420961
"486",835,"Unnamed Lake",2597700,"070300051007",NA,-0.00392145380285479,0.00438907552980527,-0.000903128528232005,0.00438907552980527,-0.00392145380285479
"487",720,"Bass Lake",2450500,"070300051008",343631742.479762,0.000403867771966764,0.000151797675322541,-0.00207602823935832,0.000151797675322541,-0.000582010610854458
"488",34,"Lake Europe",93100,"040301020101",NA,0.00113137341797979,-0.000122501716441808,-3.76607647262742e-06,-0.000122501716441808,0.00113137341797979
"489",295,"Flanagan Lake",748800,"071200061003",NA,0.00392843618677086,0.00148600608376027,0.00153096069970148,0.00148600608376027,0.00392843618677086
"490",281,"Lily Lake",740900,"071200061006",NA,0.00359334346168242,0.00298814255281567,-0.00169238106054049,0.00298814255281567,0.00359334346168242
"491",968,"Hewitt Lake",2763300,"040201010201",NA,0.0217591206622816,0.00284591244429833,0.00161653955053392,0.00284591244429833,0.0217591206622816
"492",961,"Cranberry Lake",2759100,"040201010201",NA,0.0163977228297044,0.00311792527123246,0.00183936211414417,0.00311792527123246,0.0163977228297044
"493",1030,"Carlin Lake",2757900,"040201010303",NA,0.00619079646393716,0.00193850550942448,0.00236207909545898,0.00193850550942448,0.00619079646393716
"494",1044,"Red Bass Lake",2954700,"040201010303",NA,0.00647474065661559,0.00545424339644223,0.00388034149623623,0.00545424339644223,0.00647474065661559
"495",966,"Forest Lake",2762200,"040201020101",8176225.125,0.0019760985107656,0.00165671882975407,0.00174711621378595,0.00165671882975407,0.0019760985107656
"496",969,"Lac du Lune",2766200,"040201020101",8176225.125,0.00275866425881181,0.00225573244564104,0.00215847788884466,0.00225573244564104,0.00275866425881181
"497",516,"Black Oak Lake",1630100,"070700010301",5451437.5,0.00220627116438516,0.00144076723881949,0.00191342374561343,0.00144076723881949,0.00220627116438516
"498",515,"Big Portage Lake",1629500,"070700010301",5451437.5,0.000117169041854205,0.002343477651688,0.00202732709253043,0.002343477651688,0.000117169041854205
"499",1046,"Smoky Lake",1018300,"070700010101",213058.333333333,-0.00357650312076604,0.0034142592995735,0.0042186274226852,0.0034142592995735,-0.00357650312076604
"500",249,"Mud Lake",589800,"040301060503",11573500,-0.00297302207345384,0.00132054812836887,0.00630787036168158,0.00132054812836887,-0.00297302207345384
"501",246,"Cosgrove Lake",585100,"040301080701",NA,-0.00664310677140773,0.0079320485234535,0.0036931855989674,0.0079320485234535,-0.00664310677140773
